iso3,year,country,gnipc,gini
ZWE,2021-01-01,Zimbabwe,1530.0,
ZWE,2020-01-01,Zimbabwe,1460.0,
ZWE,2019-01-01,Zimbabwe,1450.0,50.3
ZWE,2018-01-01,Zimbabwe,1550.0,
ZWE,2017-01-01,Zimbabwe,1170.0,44.3
ZWE,2016-01-01,Zimbabwe,1200.0,
ZWE,2015-01-01,Zimbabwe,1220.0,
ZWE,2014-01-01,Zimbabwe,1210.0,
ZWE,2013-01-01,Zimbabwe,1200.0,
ZWE,2012-01-01,Zimbabwe,1120.0,
ZWE,2011-01-01,Zimbabwe,950.0,43.2
ZWE,2010-01-01,Zimbabwe,650.0,
ZMB,2021-01-01,Zambia,1030.0,
ZMB,2020-01-01,Zambia,1130.0,
ZMB,2019-01-01,Zambia,1390.0,
ZMB,2018-01-01,Zambia,1400.0,
ZMB,2017-01-01,Zambia,1270.0,
ZMB,2016-01-01,Zambia,1340.0,
ZMB,2015-01-01,Zambia,1540.0,57.1
ZMB,2014-01-01,Zambia,1760.0,
ZMB,2013-01-01,Zambia,1720.0,
ZMB,2012-01-01,Zambia,1660.0,
ZMB,2011-01-01,Zambia,1390.0,
ZMB,2010-01-01,Zambia,1330.0,55.6
YEM,2018-01-01,"Yemen, Rep.",840.0,
YEM,2017-01-01,"Yemen, Rep.",1000.0,
YEM,2016-01-01,"Yemen, Rep.",1070.0,
YEM,2015-01-01,"Yemen, Rep.",1110.0,
YEM,2014-01-01,"Yemen, Rep.",1360.0,36.7
YEM,2013-01-01,"Yemen, Rep.",1340.0,
YEM,2012-01-01,"Yemen, Rep.",1180.0,
YEM,2011-01-01,"Yemen, Rep.",1010.0,
YEM,2010-01-01,"Yemen, Rep.",1130.0,
PSE,2021-01-01,West Bank and Gaza,4220.0,
PSE,2020-01-01,West Bank and Gaza,3700.0,
PSE,2019-01-01,West Bank and Gaza,4270.0,
PSE,2018-01-01,West Bank and Gaza,4190.0,
PSE,2017-01-01,West Bank and Gaza,3930.0,
PSE,2016-01-01,West Bank and Gaza,3900.0,33.7
PSE,2015-01-01,West Bank and Gaza,3670.0,
PSE,2014-01-01,West Bank and Gaza,3560.0,
PSE,2013-01-01,West Bank and Gaza,3470.0,
PSE,2012-01-01,West Bank and Gaza,3210.0,
PSE,2011-01-01,West Bank and Gaza,2880.0,34.4
PSE,2010-01-01,West Bank and Gaza,2510.0,35.3
VNM,2021-01-01,Vietnam,3590.0,
VNM,2020-01-01,Vietnam,3450.0,
VNM,2019-01-01,Vietnam,3340.0,
VNM,2018-01-01,Vietnam,3060.0,35.7
VNM,2017-01-01,Vietnam,2720.0,
VNM,2016-01-01,Vietnam,2580.0,35.3
VNM,2015-01-01,Vietnam,2480.0,
VNM,2014-01-01,Vietnam,2400.0,34.8
VNM,2013-01-01,Vietnam,2200.0,
VNM,2012-01-01,Vietnam,1980.0,35.6
VNM,2011-01-01,Vietnam,1630.0,
VNM,2010-01-01,Vietnam,1370.0,39.3
VEN,2014-01-01,"Venezuela, RB",13010.0,
VEN,2013-01-01,"Venezuela, RB",11950.0,
VEN,2012-01-01,"Venezuela, RB",12660.0,
VEN,2011-01-01,"Venezuela, RB",11890.0,39.0
VEN,2010-01-01,"Venezuela, RB",11690.0,
VUT,2021-01-01,Vanuatu,3240.0,
VUT,2020-01-01,Vanuatu,3180.0,
VUT,2019-01-01,Vanuatu,3400.0,32.3
VUT,2018-01-01,Vanuatu,3120.0,
VUT,2017-01-01,Vanuatu,2860.0,
VUT,2016-01-01,Vanuatu,2780.0,
VUT,2015-01-01,Vanuatu,2770.0,
VUT,2014-01-01,Vanuatu,2930.0,
VUT,2013-01-01,Vanuatu,2930.0,
VUT,2012-01-01,Vanuatu,2750.0,
VUT,2011-01-01,Vanuatu,2710.0,
VUT,2010-01-01,Vanuatu,2510.0,37.4
UZB,2021-01-01,Uzbekistan,1960.0,
UZB,2020-01-01,Uzbekistan,1740.0,
UZB,2019-01-01,Uzbekistan,1870.0,
UZB,2018-01-01,Uzbekistan,2110.0,
UZB,2017-01-01,Uzbekistan,2470.0,
UZB,2016-01-01,Uzbekistan,2790.0,
UZB,2015-01-01,Uzbekistan,2740.0,
UZB,2014-01-01,Uzbekistan,2600.0,
UZB,2013-01-01,Uzbekistan,2430.0,
UZB,2012-01-01,Uzbekistan,2160.0,
UZB,2011-01-01,Uzbekistan,1730.0,
UZB,2010-01-01,Uzbekistan,1410.0,
URY,2021-01-01,Uruguay,16080.0,
URY,2020-01-01,Uruguay,15950.0,40.2
URY,2019-01-01,Uruguay,17940.0,39.7
URY,2018-01-01,Uruguay,17390.0,39.7
URY,2017-01-01,Uruguay,15990.0,39.5
URY,2016-01-01,Uruguay,15490.0,39.7
URY,2015-01-01,Uruguay,15670.0,40.1
URY,2014-01-01,Uruguay,15830.0,40.1
URY,2013-01-01,Uruguay,15360.0,40.5
URY,2012-01-01,Uruguay,13360.0,39.9
URY,2011-01-01,Uruguay,12090.0,42.2
URY,2010-01-01,Uruguay,10460.0,44.5
USA,2021-01-01,United States,70930.0,
USA,2020-01-01,United States,64650.0,
USA,2019-01-01,United States,66130.0,41.5
USA,2018-01-01,United States,63460.0,41.4
USA,2017-01-01,United States,59220.0,41.2
USA,2016-01-01,United States,57140.0,41.1
USA,2015-01-01,United States,56620.0,41.2
USA,2014-01-01,United States,55800.0,41.5
USA,2013-01-01,United States,53990.0,40.7
USA,2012-01-01,United States,52790.0,40.9
USA,2011-01-01,United States,50620.0,40.9
USA,2010-01-01,United States,49150.0,40.0
GBR,2021-01-01,United Kingdom,44480.0,
GBR,2020-01-01,United Kingdom,38590.0,
GBR,2019-01-01,United Kingdom,43380.0,
GBR,2018-01-01,United Kingdom,42180.0,
GBR,2017-01-01,United Kingdom,41740.0,35.1
GBR,2016-01-01,United Kingdom,43150.0,34.8
GBR,2015-01-01,United Kingdom,44480.0,33.2
GBR,2014-01-01,United Kingdom,44590.0,34.0
GBR,2013-01-01,United Kingdom,42800.0,33.2
GBR,2012-01-01,United Kingdom,41810.0,32.3
GBR,2011-01-01,United Kingdom,41180.0,33.2
GBR,2010-01-01,United Kingdom,41900.0,34.4
ARE,2020-01-01,United Arab Emirates,41770.0,
ARE,2019-01-01,United Arab Emirates,46210.0,
ARE,2018-01-01,United Arab Emirates,44350.0,26.0
ARE,2017-01-01,United Arab Emirates,42090.0,
ARE,2016-01-01,United Arab Emirates,44460.0,
ARE,2015-01-01,United Arab Emirates,46270.0,
ARE,2014-01-01,United Arab Emirates,47420.0,32.5
ARE,2013-01-01,United Arab Emirates,45850.0,32.5
ARE,2012-01-01,United Arab Emirates,41810.0,
ARE,2011-01-01,United Arab Emirates,36540.0,
ARE,2010-01-01,United Arab Emirates,33670.0,
UKR,2021-01-01,Ukraine,4120.0,
UKR,2020-01-01,Ukraine,3570.0,25.6
UKR,2019-01-01,Ukraine,3310.0,26.6
UKR,2018-01-01,Ukraine,2750.0,26.1
UKR,2017-01-01,Ukraine,2360.0,26.0
UKR,2016-01-01,Ukraine,2360.0,25.0
UKR,2015-01-01,Ukraine,2800.0,25.5
UKR,2014-01-01,Ukraine,3560.0,24.0
UKR,2013-01-01,Ukraine,3950.0,24.6
UKR,2012-01-01,Ukraine,3650.0,24.7
UKR,2011-01-01,Ukraine,3150.0,24.6
UKR,2010-01-01,Ukraine,3030.0,24.8
UGA,2021-01-01,Uganda,760.0,
UGA,2020-01-01,Uganda,740.0,
UGA,2019-01-01,Uganda,750.0,42.7
UGA,2018-01-01,Uganda,740.0,
UGA,2017-01-01,Uganda,760.0,
UGA,2016-01-01,Uganda,820.0,42.8
UGA,2015-01-01,Uganda,850.0,
UGA,2014-01-01,Uganda,830.0,
UGA,2013-01-01,Uganda,810.0,
UGA,2012-01-01,Uganda,830.0,41.0
UGA,2011-01-01,Uganda,860.0,
UGA,2010-01-01,Uganda,680.0,
TUV,2021-01-01,Tuvalu,7200.0,
TUV,2020-01-01,Tuvalu,6750.0,
TUV,2019-01-01,Tuvalu,6640.0,
TUV,2018-01-01,Tuvalu,6160.0,
TUV,2017-01-01,Tuvalu,5320.0,
TUV,2016-01-01,Tuvalu,5490.0,
TUV,2015-01-01,Tuvalu,5690.0,
TUV,2014-01-01,Tuvalu,4790.0,
TUV,2013-01-01,Tuvalu,5650.0,
TUV,2012-01-01,Tuvalu,4480.0,
TUV,2011-01-01,Tuvalu,4760.0,
TUV,2010-01-01,Tuvalu,4510.0,39.1
TCA,2021-01-01,Turks and Caicos Islands,21410.0,
TCA,2020-01-01,Turks and Caicos Islands,19610.0,
TCA,2019-01-01,Turks and Caicos Islands,26710.0,
TCA,2018-01-01,Turks and Caicos Islands,25730.0,
TCA,2017-01-01,Turks and Caicos Islands,24400.0,
TCA,2016-01-01,Turks and Caicos Islands,26100.0,
TCA,2015-01-01,Turks and Caicos Islands,25140.0,
TCA,2014-01-01,Turks and Caicos Islands,23530.0,
TKM,2019-01-01,Turkmenistan,6970.0,
TKM,2018-01-01,Turkmenistan,6500.0,
TKM,2017-01-01,Turkmenistan,6160.0,
TKM,2016-01-01,Turkmenistan,6590.0,
TKM,2015-01-01,Turkmenistan,6790.0,
TKM,2014-01-01,Turkmenistan,6950.0,
TKM,2013-01-01,Turkmenistan,6280.0,
TKM,2012-01-01,Turkmenistan,5370.0,
TKM,2011-01-01,Turkmenistan,4560.0,
TKM,2010-01-01,Turkmenistan,3930.0,
TUR,2021-01-01,Turkiye,9900.0,
TUR,2020-01-01,Turkiye,9070.0,
TUR,2019-01-01,Turkiye,9670.0,41.9
TUR,2018-01-01,Turkiye,10450.0,41.9
TUR,2017-01-01,Turkiye,10840.0,41.4
TUR,2016-01-01,Turkiye,11090.0,41.9
TUR,2015-01-01,Turkiye,11860.0,42.9
TUR,2014-01-01,Turkiye,12480.0,41.2
TUR,2013-01-01,Turkiye,12500.0,40.2
TUR,2012-01-01,Turkiye,11860.0,40.2
TUR,2011-01-01,Turkiye,11200.0,40.0
TUR,2010-01-01,Turkiye,10370.0,38.8
TUN,2021-01-01,Tunisia,3540.0,
TUN,2020-01-01,Tunisia,3230.0,
TUN,2019-01-01,Tunisia,3540.0,
TUN,2018-01-01,Tunisia,3650.0,
TUN,2017-01-01,Tunisia,3650.0,
TUN,2016-01-01,Tunisia,3870.0,
TUN,2015-01-01,Tunisia,4070.0,32.8
TUN,2014-01-01,Tunisia,4250.0,
TUN,2013-01-01,Tunisia,4240.0,
TUN,2012-01-01,Tunisia,4190.0,
TUN,2011-01-01,Tunisia,4010.0,
TUN,2010-01-01,Tunisia,4090.0,35.8
TTO,2021-01-01,Trinidad and Tobago,15000.0,
TTO,2020-01-01,Trinidad and Tobago,13830.0,
TTO,2019-01-01,Trinidad and Tobago,15620.0,
TTO,2018-01-01,Trinidad and Tobago,15260.0,
TTO,2017-01-01,Trinidad and Tobago,15560.0,
TTO,2016-01-01,Trinidad and Tobago,16510.0,
TTO,2015-01-01,Trinidad and Tobago,19020.0,
TTO,2014-01-01,Trinidad and Tobago,19110.0,
TTO,2013-01-01,Trinidad and Tobago,18760.0,
TTO,2012-01-01,Trinidad and Tobago,16750.0,
TTO,2011-01-01,Trinidad and Tobago,14090.0,
TTO,2010-01-01,Trinidad and Tobago,15500.0,
TON,2021-01-01,Tonga,4930.0,
TON,2020-01-01,Tonga,5200.0,
TON,2019-01-01,Tonga,5130.0,
TON,2018-01-01,Tonga,4710.0,
TON,2017-01-01,Tonga,4440.0,
TON,2016-01-01,Tonga,4220.0,
TON,2015-01-01,Tonga,4210.0,37.6
TON,2014-01-01,Tonga,4350.0,
TON,2013-01-01,Tonga,4320.0,
TON,2012-01-01,Tonga,4130.0,
TON,2011-01-01,Tonga,3660.0,
TON,2010-01-01,Tonga,3270.0,
TGO,2021-01-01,Togo,960.0,
TGO,2020-01-01,Togo,900.0,
TGO,2019-01-01,Togo,900.0,
TGO,2018-01-01,Togo,860.0,42.4
TGO,2017-01-01,Togo,710.0,
TGO,2016-01-01,Togo,660.0,
TGO,2015-01-01,Togo,630.0,43.1
TGO,2014-01-01,Togo,630.0,
TGO,2013-01-01,Togo,610.0,
TGO,2012-01-01,Togo,580.0,
TGO,2011-01-01,Togo,600.0,46.0
TGO,2010-01-01,Togo,550.0,
TLS,2021-01-01,Timor-Leste,1140.0,
TLS,2020-01-01,Timor-Leste,2100.0,
TLS,2019-01-01,Timor-Leste,2110.0,
TLS,2018-01-01,Timor-Leste,1820.0,
TLS,2017-01-01,Timor-Leste,1800.0,
TLS,2016-01-01,Timor-Leste,1740.0,
TLS,2015-01-01,Timor-Leste,2180.0,
TLS,2014-01-01,Timor-Leste,2690.0,28.7
TLS,2013-01-01,Timor-Leste,3190.0,
TLS,2012-01-01,Timor-Leste,3560.0,
TLS,2011-01-01,Timor-Leste,3730.0,
TLS,2010-01-01,Timor-Leste,2870.0,
THA,2021-01-01,Thailand,7090.0,
THA,2020-01-01,Thailand,6900.0,35.0
THA,2019-01-01,Thailand,7080.0,34.9
THA,2018-01-01,Thailand,6450.0,36.4
THA,2017-01-01,Thailand,5820.0,36.5
THA,2016-01-01,Thailand,5570.0,36.9
THA,2015-01-01,Thailand,5580.0,36.0
THA,2014-01-01,Thailand,5640.0,37.0
THA,2013-01-01,Thailand,5610.0,37.8
THA,2012-01-01,Thailand,5420.0,39.3
THA,2011-01-01,Thailand,4860.0,37.5
THA,2010-01-01,Thailand,4510.0,39.4
TZA,2021-01-01,Tanzania,1100.0,
TZA,2020-01-01,Tanzania,1050.0,
TZA,2019-01-01,Tanzania,1070.0,
TZA,2018-01-01,Tanzania,1000.0,40.5
TZA,2017-01-01,Tanzania,940.0,40.5
TZA,2016-01-01,Tanzania,950.0,
TZA,2015-01-01,Tanzania,960.0,
TZA,2014-01-01,Tanzania,960.0,
TZA,2013-01-01,Tanzania,880.0,
TZA,2012-01-01,Tanzania,800.0,
TZA,2011-01-01,Tanzania,750.0,37.8
TZA,2010-01-01,Tanzania,710.0,
TJK,2021-01-01,Tajikistan,1150.0,
TJK,2020-01-01,Tajikistan,1050.0,
TJK,2019-01-01,Tajikistan,1070.0,
TJK,2018-01-01,Tajikistan,1020.0,
TJK,2017-01-01,Tajikistan,1020.0,
TJK,2016-01-01,Tajikistan,1110.0,
TJK,2015-01-01,Tajikistan,1250.0,34.0
TJK,2014-01-01,Tajikistan,1340.0,
TJK,2013-01-01,Tajikistan,1310.0,
TJK,2012-01-01,Tajikistan,1140.0,
TJK,2011-01-01,Tajikistan,1010.0,
TJK,2010-01-01,Tajikistan,910.0,
SYR,2020-01-01,Syrian Arab Republic,760.0,
SYR,2019-01-01,Syrian Arab Republic,970.0,
SYR,2018-01-01,Syrian Arab Republic,810.0,
SYR,2017-01-01,Syrian Arab Republic,730.0,
SYR,2016-01-01,Syrian Arab Republic,760.0,
SYR,2015-01-01,Syrian Arab Republic,910.0,
SYR,2014-01-01,Syrian Arab Republic,1080.0,
SYR,2013-01-01,Syrian Arab Republic,1280.0,
SYR,2012-01-01,Syrian Arab Republic,2650.0,
SYR,2011-01-01,Syrian Arab Republic,5440.0,
SYR,2010-01-01,Syrian Arab Republic,10330.0,
CHE,2021-01-01,Switzerland,90600.0,
CHE,2020-01-01,Switzerland,82740.0,
CHE,2019-01-01,Switzerland,84250.0,
CHE,2018-01-01,Switzerland,83270.0,33.1
CHE,2017-01-01,Switzerland,81870.0,32.7
CHE,2016-01-01,Switzerland,84430.0,33.0
CHE,2015-01-01,Switzerland,88010.0,32.3
CHE,2014-01-01,Switzerland,89450.0,32.5
CHE,2013-01-01,Switzerland,91710.0,32.5
CHE,2012-01-01,Switzerland,87720.0,31.6
CHE,2011-01-01,Switzerland,82280.0,31.7
CHE,2010-01-01,Switzerland,79850.0,32.6
SWE,2021-01-01,Sweden,59540.0,
SWE,2020-01-01,Sweden,54740.0,
SWE,2019-01-01,Sweden,56420.0,29.3
SWE,2018-01-01,Sweden,55690.0,30.0
SWE,2017-01-01,Sweden,53030.0,28.8
SWE,2016-01-01,Sweden,54360.0,29.6
SWE,2015-01-01,Sweden,58420.0,29.2
SWE,2014-01-01,Sweden,61870.0,28.4
SWE,2013-01-01,Sweden,61800.0,28.8
SWE,2012-01-01,Sweden,59090.0,27.6
SWE,2011-01-01,Sweden,56700.0,27.6
SWE,2010-01-01,Sweden,54630.0,27.7
SUR,2021-01-01,Suriname,4410.0,
SUR,2020-01-01,Suriname,4500.0,
SUR,2019-01-01,Suriname,6020.0,
SUR,2018-01-01,Suriname,5790.0,
SUR,2017-01-01,Suriname,5770.0,
SUR,2016-01-01,Suriname,6740.0,
SUR,2015-01-01,Suriname,8640.0,
SUR,2014-01-01,Suriname,8990.0,
SUR,2013-01-01,Suriname,8690.0,
SUR,2012-01-01,Suriname,8290.0,
SUR,2011-01-01,Suriname,7680.0,
SUR,2010-01-01,Suriname,7380.0,
SDN,2021-01-01,Sudan,650.0,
SDN,2020-01-01,Sudan,630.0,
SDN,2019-01-01,Sudan,940.0,
SDN,2018-01-01,Sudan,1390.0,
SDN,2017-01-01,Sudan,2430.0,
SDN,2016-01-01,Sudan,2190.0,
SDN,2015-01-01,Sudan,1950.0,
SDN,2014-01-01,Sudan,1880.0,34.2
SDN,2013-01-01,Sudan,1720.0,
SDN,2012-01-01,Sudan,1700.0,
SDN,2011-01-01,Sudan,1640.0,
SDN,2010-01-01,Sudan,1430.0,
VCT,2021-01-01,St. Vincent and the Grenadines,8720.0,
VCT,2020-01-01,St. Vincent and the Grenadines,8260.0,
VCT,2019-01-01,St. Vincent and the Grenadines,8580.0,
VCT,2018-01-01,St. Vincent and the Grenadines,8370.0,
VCT,2017-01-01,St. Vincent and the Grenadines,7760.0,
VCT,2016-01-01,St. Vincent and the Grenadines,7540.0,
VCT,2015-01-01,St. Vincent and the Grenadines,7160.0,
VCT,2014-01-01,St. Vincent and the Grenadines,6910.0,
VCT,2013-01-01,St. Vincent and the Grenadines,7030.0,
VCT,2012-01-01,St. Vincent and the Grenadines,6760.0,
VCT,2011-01-01,St. Vincent and the Grenadines,6430.0,
VCT,2010-01-01,St. Vincent and the Grenadines,6350.0,
LCA,2021-01-01,St. Lucia,9520.0,
LCA,2020-01-01,St. Lucia,8590.0,
LCA,2019-01-01,St. Lucia,11040.0,
LCA,2018-01-01,St. Lucia,10980.0,
LCA,2017-01-01,St. Lucia,10210.0,
LCA,2016-01-01,St. Lucia,9610.0,51.2
LCA,2015-01-01,St. Lucia,8890.0,
LCA,2014-01-01,St. Lucia,8990.0,
LCA,2013-01-01,St. Lucia,8960.0,
LCA,2012-01-01,St. Lucia,9040.0,
LCA,2011-01-01,St. Lucia,9000.0,
LCA,2010-01-01,St. Lucia,8320.0,
KNA,2021-01-01,St. Kitts and Nevis,18820.0,
KNA,2020-01-01,St. Kitts and Nevis,19420.0,
KNA,2019-01-01,St. Kitts and Nevis,23340.0,
KNA,2018-01-01,St. Kitts and Nevis,21530.0,
KNA,2017-01-01,St. Kitts and Nevis,20020.0,
KNA,2016-01-01,St. Kitts and Nevis,19320.0,
KNA,2015-01-01,St. Kitts and Nevis,18370.0,
KNA,2014-01-01,St. Kitts and Nevis,18420.0,
KNA,2013-01-01,St. Kitts and Nevis,18220.0,
KNA,2012-01-01,St. Kitts and Nevis,16800.0,
KNA,2011-01-01,St. Kitts and Nevis,16520.0,
KNA,2010-01-01,St. Kitts and Nevis,15790.0,
LKA,2021-01-01,Sri Lanka,4030.0,
LKA,2020-01-01,Sri Lanka,3930.0,
LKA,2019-01-01,Sri Lanka,4220.0,
LKA,2018-01-01,Sri Lanka,4360.0,
LKA,2017-01-01,Sri Lanka,4230.0,
LKA,2016-01-01,Sri Lanka,4020.0,39.3
LKA,2015-01-01,Sri Lanka,3920.0,
LKA,2014-01-01,Sri Lanka,3810.0,
LKA,2013-01-01,Sri Lanka,3630.0,
LKA,2012-01-01,Sri Lanka,3460.0,38.7
LKA,2011-01-01,Sri Lanka,2910.0,
LKA,2010-01-01,Sri Lanka,2430.0,
ESP,2021-01-01,Spain,29690.0,
ESP,2020-01-01,Spain,27130.0,
ESP,2019-01-01,Spain,30360.0,34.3
ESP,2018-01-01,Spain,29330.0,34.7
ESP,2017-01-01,Spain,27120.0,34.7
ESP,2016-01-01,Spain,27570.0,35.8
ESP,2015-01-01,Spain,28460.0,36.2
ESP,2014-01-01,Spain,29160.0,36.1
ESP,2013-01-01,Spain,29230.0,36.2
ESP,2012-01-01,Spain,29540.0,35.4
ESP,2011-01-01,Spain,31020.0,35.7
ESP,2010-01-01,Spain,31970.0,35.2
SSD,2015-01-01,South Sudan,1040.0,
SSD,2014-01-01,South Sudan,1170.0,
SSD,2013-01-01,South Sudan,1090.0,
SSD,2012-01-01,South Sudan,800.0,
SSD,2011-01-01,South Sudan,770.0,
ZAF,2021-01-01,South Africa,6530.0,
ZAF,2020-01-01,South Africa,6090.0,
ZAF,2019-01-01,South Africa,6730.0,
ZAF,2018-01-01,South Africa,6390.0,
ZAF,2017-01-01,South Africa,5950.0,
ZAF,2016-01-01,South Africa,5960.0,
ZAF,2015-01-01,South Africa,6550.0,
ZAF,2014-01-01,South Africa,7340.0,63.0
ZAF,2013-01-01,South Africa,8050.0,
ZAF,2012-01-01,South Africa,8320.0,
ZAF,2011-01-01,South Africa,7700.0,
ZAF,2010-01-01,South Africa,6810.0,63.4
SOM,2021-01-01,Somalia,430.0,
SOM,2020-01-01,Somalia,410.0,
SOM,2019-01-01,Somalia,410.0,
SOM,2018-01-01,Somalia,390.0,
SOM,2017-01-01,Somalia,380.0,36.8
SOM,2016-01-01,Somalia,400.0,
SOM,2015-01-01,Somalia,400.0,
SLB,2021-01-01,Solomon Islands,2320.0,
SLB,2020-01-01,Solomon Islands,2340.0,
SLB,2019-01-01,Solomon Islands,2390.0,
SLB,2018-01-01,Solomon Islands,2320.0,
SLB,2017-01-01,Solomon Islands,2150.0,
SLB,2016-01-01,Solomon Islands,2110.0,
SLB,2015-01-01,Solomon Islands,2100.0,
SLB,2014-01-01,Solomon Islands,2160.0,
SLB,2013-01-01,Solomon Islands,2130.0,37.1
SLB,2012-01-01,Solomon Islands,1840.0,37.1
SLB,2011-01-01,Solomon Islands,1690.0,
SLB,2010-01-01,Solomon Islands,1580.0,
SVN,2021-01-01,Slovenia,28280.0,
SVN,2020-01-01,Slovenia,25400.0,
SVN,2019-01-01,Slovenia,26040.0,24.4
SVN,2018-01-01,Slovenia,24650.0,24.6
SVN,2017-01-01,Slovenia,22140.0,24.2
SVN,2016-01-01,Slovenia,21790.0,24.8
SVN,2015-01-01,Slovenia,22270.0,25.4
SVN,2014-01-01,Slovenia,23620.0,25.7
SVN,2013-01-01,Slovenia,23240.0,26.2
SVN,2012-01-01,Slovenia,23260.0,25.6
SVN,2011-01-01,Slovenia,24630.0,24.9
SVN,2010-01-01,Slovenia,24620.0,24.9
SVK,2021-01-01,Slovak Republic,20640.0,
SVK,2020-01-01,Slovak Republic,19180.0,
SVK,2019-01-01,Slovak Republic,19200.0,23.2
SVK,2018-01-01,Slovak Republic,18400.0,25.0
SVK,2017-01-01,Slovak Republic,16670.0,23.2
SVK,2016-01-01,Slovak Republic,16840.0,25.2
SVK,2015-01-01,Slovak Republic,17760.0,26.5
SVK,2014-01-01,Slovak Republic,18340.0,26.1
SVK,2013-01-01,Slovak Republic,18270.0,28.1
SVK,2012-01-01,Slovak Republic,17830.0,26.1
SVK,2011-01-01,Slovak Republic,17590.0,26.5
SVK,2010-01-01,Slovak Republic,17620.0,27.3
SXM,2018-01-01,Sint Maarten (Dutch part),27510.0,
SXM,2017-01-01,Sint Maarten (Dutch part),28210.0,
SXM,2016-01-01,Sint Maarten (Dutch part),30890.0,
SXM,2015-01-01,Sint Maarten (Dutch part),29560.0,
SXM,2014-01-01,Sint Maarten (Dutch part),28670.0,
SXM,2013-01-01,Sint Maarten (Dutch part),27540.0,
SGP,2021-01-01,Singapore,64010.0,
SGP,2020-01-01,Singapore,55010.0,
SGP,2019-01-01,Singapore,58060.0,
SGP,2018-01-01,Singapore,56670.0,
SGP,2017-01-01,Singapore,54590.0,45.9
SGP,2016-01-01,Singapore,53250.0,
SGP,2015-01-01,Singapore,53160.0,
SGP,2014-01-01,Singapore,56380.0,
SGP,2013-01-01,Singapore,54460.0,
SGP,2012-01-01,Singapore,51710.0,
SGP,2011-01-01,Singapore,48250.0,
SGP,2010-01-01,Singapore,44930.0,
SLE,2021-01-01,Sierra Leone,500.0,
SLE,2020-01-01,Sierra Leone,490.0,
SLE,2019-01-01,Sierra Leone,520.0,
SLE,2018-01-01,Sierra Leone,470.0,35.7
SLE,2017-01-01,Sierra Leone,500.0,
SLE,2016-01-01,Sierra Leone,480.0,
SLE,2015-01-01,Sierra Leone,540.0,
SLE,2014-01-01,Sierra Leone,680.0,
SLE,2013-01-01,Sierra Leone,650.0,
SLE,2012-01-01,Sierra Leone,530.0,
SLE,2011-01-01,Sierra Leone,420.0,34.0
SLE,2010-01-01,Sierra Leone,420.0,
SYC,2021-01-01,Seychelles,14540.0,
SYC,2020-01-01,Seychelles,14040.0,
SYC,2019-01-01,Seychelles,16400.0,
SYC,2018-01-01,Seychelles,15710.0,32.1
SYC,2017-01-01,Seychelles,14660.0,
SYC,2016-01-01,Seychelles,14220.0,
SYC,2015-01-01,Seychelles,14150.0,
SYC,2014-01-01,Seychelles,13310.0,
SYC,2013-01-01,Seychelles,12560.0,46.8
SYC,2012-01-01,Seychelles,11480.0,
SYC,2011-01-01,Seychelles,11060.0,
SYC,2010-01-01,Seychelles,10190.0,
SRB,2021-01-01,Serbia,8460.0,
SRB,2020-01-01,Serbia,7440.0,
SRB,2019-01-01,Serbia,7040.0,34.5
SRB,2018-01-01,Serbia,6410.0,35.0
SRB,2017-01-01,Serbia,5570.0,36.2
SRB,2016-01-01,Serbia,5700.0,38.8
SRB,2015-01-01,Serbia,5960.0,40.5
SRB,2014-01-01,Serbia,6240.0,40.5
SRB,2013-01-01,Serbia,6460.0,39.5
SRB,2012-01-01,Serbia,6080.0,39.9
SRB,2011-01-01,Serbia,6190.0,
SRB,2010-01-01,Serbia,6220.0,
SEN,2021-01-01,Senegal,1570.0,
SEN,2020-01-01,Senegal,1460.0,
SEN,2019-01-01,Senegal,1460.0,
SEN,2018-01-01,Senegal,1420.0,38.1
SEN,2017-01-01,Senegal,1300.0,
SEN,2016-01-01,Senegal,1300.0,
SEN,2015-01-01,Senegal,1330.0,
SEN,2014-01-01,Senegal,1390.0,
SEN,2013-01-01,Senegal,1360.0,
SEN,2012-01-01,Senegal,1330.0,
SEN,2011-01-01,Senegal,1320.0,40.3
SEN,2010-01-01,Senegal,1350.0,
SAU,2020-01-01,Saudi Arabia,21540.0,
SAU,2019-01-01,Saudi Arabia,22210.0,
SAU,2018-01-01,Saudi Arabia,21040.0,
SAU,2017-01-01,Saudi Arabia,19350.0,
SAU,2016-01-01,Saudi Arabia,20980.0,
SAU,2015-01-01,Saudi Arabia,22970.0,
SAU,2014-01-01,Saudi Arabia,24590.0,
SAU,2013-01-01,Saudi Arabia,24280.0,45.9
SAU,2012-01-01,Saudi Arabia,22740.0,
SAU,2011-01-01,Saudi Arabia,19580.0,
SAU,2010-01-01,Saudi Arabia,17480.0,
STP,2021-01-01,Sao Tome and Principe,2260.0,
STP,2020-01-01,Sao Tome and Principe,2100.0,
STP,2019-01-01,Sao Tome and Principe,1960.0,
STP,2018-01-01,Sao Tome and Principe,1860.0,
STP,2017-01-01,Sao Tome and Principe,1690.0,40.7
STP,2016-01-01,Sao Tome and Principe,1680.0,
STP,2015-01-01,Sao Tome and Principe,1640.0,
STP,2014-01-01,Sao Tome and Principe,1620.0,
STP,2013-01-01,Sao Tome and Principe,1420.0,
STP,2012-01-01,Sao Tome and Principe,1220.0,
STP,2011-01-01,Sao Tome and Principe,1170.0,
STP,2010-01-01,Sao Tome and Principe,1120.0,30.8
SMR,2020-01-01,San Marino,41450.0,
SMR,2019-01-01,San Marino,44390.0,
SMR,2018-01-01,San Marino,42250.0,
SMR,2017-01-01,San Marino,39740.0,
WSM,2021-01-01,Samoa,3810.0,
WSM,2020-01-01,Samoa,4000.0,
WSM,2019-01-01,Samoa,4230.0,
WSM,2018-01-01,Samoa,4060.0,
WSM,2017-01-01,Samoa,4050.0,
WSM,2016-01-01,Samoa,4080.0,
WSM,2015-01-01,Samoa,3930.0,
WSM,2014-01-01,Samoa,3790.0,
WSM,2013-01-01,Samoa,3720.0,38.7
WSM,2012-01-01,Samoa,3560.0,
WSM,2011-01-01,Samoa,3540.0,
WSM,2010-01-01,Samoa,3400.0,
RWA,2021-01-01,Rwanda,840.0,
RWA,2020-01-01,Rwanda,760.0,
RWA,2019-01-01,Rwanda,810.0,
RWA,2018-01-01,Rwanda,770.0,
RWA,2017-01-01,Rwanda,720.0,
RWA,2016-01-01,Rwanda,730.0,43.7
RWA,2015-01-01,Rwanda,730.0,
RWA,2014-01-01,Rwanda,720.0,
RWA,2013-01-01,Rwanda,710.0,45.1
RWA,2012-01-01,Rwanda,690.0,
RWA,2011-01-01,Rwanda,630.0,
RWA,2010-01-01,Rwanda,590.0,47.2
RUS,2021-01-01,Russian Federation,11610.0,
RUS,2020-01-01,Russian Federation,10740.0,36.0
RUS,2019-01-01,Russian Federation,11280.0,37.7
RUS,2018-01-01,Russian Federation,10250.0,37.5
RUS,2017-01-01,Russian Federation,9210.0,37.2
RUS,2016-01-01,Russian Federation,9730.0,36.8
RUS,2015-01-01,Russian Federation,11780.0,37.7
RUS,2014-01-01,Russian Federation,14630.0,39.9
RUS,2013-01-01,Russian Federation,15190.0,40.9
RUS,2012-01-01,Russian Federation,13490.0,40.7
RUS,2011-01-01,Russian Federation,11060.0,39.7
RUS,2010-01-01,Russian Federation,9980.0,39.5
ROU,2021-01-01,Romania,14160.0,
ROU,2020-01-01,Romania,12700.0,
ROU,2019-01-01,Romania,12670.0,34.8
ROU,2018-01-01,Romania,11520.0,35.8
ROU,2017-01-01,Romania,10030.0,36.0
ROU,2016-01-01,Romania,9460.0,34.4
ROU,2015-01-01,Romania,9610.0,35.9
ROU,2014-01-01,Romania,9760.0,36.0
ROU,2013-01-01,Romania,9390.0,36.9
ROU,2012-01-01,Romania,9200.0,36.5
ROU,2011-01-01,Romania,9010.0,35.9
ROU,2010-01-01,Romania,8710.0,35.5
QAT,2021-01-01,Qatar,62310.0,
QAT,2020-01-01,Qatar,58370.0,
QAT,2019-01-01,Qatar,61720.0,
QAT,2018-01-01,Qatar,59150.0,
QAT,2017-01-01,Qatar,57190.0,
QAT,2016-01-01,Qatar,66030.0,
QAT,2015-01-01,Qatar,78040.0,
QAT,2014-01-01,Qatar,89830.0,
QAT,2013-01-01,Qatar,91130.0,
QAT,2012-01-01,Qatar,83990.0,
QAT,2011-01-01,Qatar,75540.0,
QAT,2010-01-01,Qatar,68920.0,
PRI,2021-01-01,Puerto Rico,22580.0,
PRI,2020-01-01,Puerto Rico,21240.0,
PRI,2019-01-01,Puerto Rico,22040.0,
PRI,2018-01-01,Puerto Rico,21010.0,
PRI,2017-01-01,Puerto Rico,20000.0,
PRI,2016-01-01,Puerto Rico,19710.0,
PRI,2015-01-01,Puerto Rico,19420.0,
PRI,2014-01-01,Puerto Rico,19280.0,
PRI,2013-01-01,Puerto Rico,19170.0,
PRI,2012-01-01,Puerto Rico,18680.0,
PRI,2011-01-01,Puerto Rico,17670.0,
PRI,2010-01-01,Puerto Rico,16920.0,
PRT,2021-01-01,Portugal,23890.0,
PRT,2020-01-01,Portugal,21850.0,
PRT,2019-01-01,Portugal,23200.0,32.8
PRT,2018-01-01,Portugal,22060.0,33.5
PRT,2017-01-01,Portugal,20060.0,33.8
PRT,2016-01-01,Portugal,19940.0,35.2
PRT,2015-01-01,Portugal,20460.0,35.5
PRT,2014-01-01,Portugal,21200.0,35.6
PRT,2013-01-01,Portugal,21380.0,36.2
PRT,2012-01-01,Portugal,21170.0,36.0
PRT,2011-01-01,Portugal,22770.0,36.3
PRT,2010-01-01,Portugal,23030.0,35.8
POL,2021-01-01,Poland,16850.0,
POL,2020-01-01,Poland,15300.0,
POL,2019-01-01,Poland,15330.0,
POL,2018-01-01,Poland,14180.0,30.2
POL,2017-01-01,Poland,12690.0,29.7
POL,2016-01-01,Poland,12660.0,31.2
POL,2015-01-01,Poland,13250.0,31.8
POL,2014-01-01,Poland,13470.0,32.8
POL,2013-01-01,Poland,13230.0,33.1
POL,2012-01-01,Poland,13090.0,33.0
POL,2011-01-01,Poland,12820.0,33.2
POL,2010-01-01,Poland,12670.0,33.2
PHL,2021-01-01,Philippines,3550.0,
PHL,2020-01-01,Philippines,3350.0,
PHL,2019-01-01,Philippines,3770.0,
PHL,2018-01-01,Philippines,3640.0,42.3
PHL,2017-01-01,Philippines,3480.0,
PHL,2016-01-01,Philippines,3410.0,
PHL,2015-01-01,Philippines,3350.0,44.6
PHL,2014-01-01,Philippines,3300.0,
PHL,2013-01-01,Philippines,3140.0,
PHL,2012-01-01,Philippines,2840.0,46.5
PHL,2011-01-01,Philippines,2500.0,
PHL,2010-01-01,Philippines,2360.0,
PER,2021-01-01,Peru,6460.0,
PER,2020-01-01,Peru,6000.0,43.8
PER,2019-01-01,Peru,6770.0,41.6
PER,2018-01-01,Peru,6430.0,42.4
PER,2017-01-01,Peru,6030.0,43.3
PER,2016-01-01,Peru,6070.0,43.6
PER,2015-01-01,Peru,6290.0,43.4
PER,2014-01-01,Peru,6470.0,43.1
PER,2013-01-01,Peru,6360.0,43.9
PER,2012-01-01,Peru,5740.0,44.4
PER,2011-01-01,Peru,4930.0,44.7
PER,2010-01-01,Peru,4380.0,45.5
PRY,2021-01-01,Paraguay,5740.0,
PRY,2020-01-01,Paraguay,5550.0,43.5
PRY,2019-01-01,Paraguay,5950.0,45.7
PRY,2018-01-01,Paraguay,6050.0,46.0
PRY,2017-01-01,Paraguay,5810.0,48.5
PRY,2016-01-01,Paraguay,5870.0,47.9
PRY,2015-01-01,Paraguay,6100.0,47.6
PRY,2014-01-01,Paraguay,6280.0,50.7
PRY,2013-01-01,Paraguay,5960.0,47.9
PRY,2012-01-01,Paraguay,5160.0,47.6
PRY,2011-01-01,Paraguay,4820.0,52.3
PRY,2010-01-01,Paraguay,4390.0,51.0
PNG,2021-01-01,Papua New Guinea,2460.0,
PNG,2020-01-01,Papua New Guinea,2470.0,
PNG,2019-01-01,Papua New Guinea,2510.0,
PNG,2018-01-01,Papua New Guinea,2400.0,
PNG,2017-01-01,Papua New Guinea,2390.0,
PNG,2016-01-01,Papua New Guinea,2520.0,
PNG,2015-01-01,Papua New Guinea,2670.0,
PNG,2014-01-01,Papua New Guinea,2810.0,
PNG,2013-01-01,Papua New Guinea,2360.0,
PNG,2012-01-01,Papua New Guinea,2160.0,
PNG,2011-01-01,Papua New Guinea,1740.0,
PNG,2010-01-01,Papua New Guinea,1670.0,
PAN,2021-01-01,Panama,13920.0,
PAN,2020-01-01,Panama,12470.0,
PAN,2019-01-01,Panama,15010.0,49.8
PAN,2018-01-01,Panama,14540.0,49.2
PAN,2017-01-01,Panama,13770.0,49.9
PAN,2016-01-01,Panama,12810.0,50.4
PAN,2015-01-01,Panama,12240.0,50.8
PAN,2014-01-01,Panama,11220.0,50.5
PAN,2013-01-01,Panama,10670.0,51.5
PAN,2012-01-01,Panama,9580.0,51.7
PAN,2011-01-01,Panama,8590.0,51.3
PAN,2010-01-01,Panama,7290.0,51.6
PLW,2021-01-01,Palau,12790.0,
PLW,2020-01-01,Palau,14640.0,
PLW,2019-01-01,Palau,17150.0,
PLW,2018-01-01,Palau,17410.0,
PLW,2017-01-01,Palau,16430.0,
PLW,2016-01-01,Palau,16620.0,
PLW,2015-01-01,Palau,15750.0,
PLW,2014-01-01,Palau,14020.0,
PLW,2013-01-01,Palau,12720.0,
PLW,2012-01-01,Palau,12540.0,
PLW,2011-01-01,Palau,11940.0,
PLW,2010-01-01,Palau,11040.0,
PAK,2021-01-01,Pakistan,1470.0,
PAK,2020-01-01,Pakistan,1420.0,
PAK,2019-01-01,Pakistan,1570.0,
PAK,2018-01-01,Pakistan,1610.0,29.6
PAK,2017-01-01,Pakistan,1440.0,
PAK,2016-01-01,Pakistan,1300.0,
PAK,2015-01-01,Pakistan,1190.0,31.3
PAK,2014-01-01,Pakistan,1160.0,
PAK,2013-01-01,Pakistan,1120.0,29.5
PAK,2012-01-01,Pakistan,1040.0,
PAK,2011-01-01,Pakistan,950.0,29.7
PAK,2010-01-01,Pakistan,890.0,28.8
OMN,2021-01-01,Oman,17950.0,
OMN,2020-01-01,Oman,17110.0,
OMN,2019-01-01,Oman,17810.0,
OMN,2018-01-01,Oman,17230.0,
OMN,2017-01-01,Oman,16570.0,
OMN,2016-01-01,Oman,18520.0,
OMN,2015-01-01,Oman,20520.0,
OMN,2014-01-01,Oman,22020.0,
OMN,2013-01-01,Oman,23030.0,
OMN,2012-01-01,Oman,22030.0,
OMN,2011-01-01,Oman,18870.0,
OMN,2010-01-01,Oman,19540.0,
NOR,2021-01-01,Norway,83880.0,
NOR,2020-01-01,Norway,77880.0,
NOR,2019-01-01,Norway,81670.0,27.7
NOR,2018-01-01,Norway,80320.0,27.6
NOR,2017-01-01,Norway,75650.0,27.0
NOR,2016-01-01,Norway,81370.0,28.5
NOR,2015-01-01,Norway,92910.0,27.5
NOR,2014-01-01,Norway,104370.0,26.8
NOR,2013-01-01,Norway,104190.0,26.4
NOR,2012-01-01,Norway,99110.0,25.7
NOR,2011-01-01,Norway,90330.0,25.3
NOR,2010-01-01,Norway,88490.0,25.7
MKD,2021-01-01,North Macedonia,6190.0,
MKD,2020-01-01,North Macedonia,5730.0,
MKD,2019-01-01,North Macedonia,5890.0,
MKD,2018-01-01,North Macedonia,5500.0,33.0
MKD,2017-01-01,North Macedonia,4940.0,34.2
MKD,2016-01-01,North Macedonia,5000.0,34.5
MKD,2015-01-01,North Macedonia,5130.0,35.6
MKD,2014-01-01,North Macedonia,5220.0,35.2
MKD,2013-01-01,North Macedonia,5030.0,36.2
MKD,2012-01-01,North Macedonia,4770.0,38.1
MKD,2011-01-01,North Macedonia,4840.0,39.4
MKD,2010-01-01,North Macedonia,4740.0,40.2
NGA,2021-01-01,Nigeria,2080.0,
NGA,2020-01-01,Nigeria,2020.0,
NGA,2019-01-01,Nigeria,2050.0,
NGA,2018-01-01,Nigeria,1980.0,35.1
NGA,2017-01-01,Nigeria,2070.0,
NGA,2016-01-01,Nigeria,2440.0,
NGA,2015-01-01,Nigeria,2850.0,35.9
NGA,2014-01-01,Nigeria,2970.0,
NGA,2013-01-01,Nigeria,2700.0,
NGA,2012-01-01,Nigeria,2450.0,35.5
NGA,2011-01-01,Nigeria,2180.0,
NGA,2010-01-01,Nigeria,2130.0,35.7
NER,2021-01-01,Niger,590.0,
NER,2020-01-01,Niger,550.0,
NER,2019-01-01,Niger,590.0,
NER,2018-01-01,Niger,570.0,37.3
NER,2017-01-01,Niger,510.0,
NER,2016-01-01,Niger,520.0,
NER,2015-01-01,Niger,550.0,
NER,2014-01-01,Niger,580.0,34.3
NER,2013-01-01,Niger,570.0,
NER,2012-01-01,Niger,540.0,
NER,2011-01-01,Niger,520.0,31.5
NER,2010-01-01,Niger,510.0,
NIC,2021-01-01,Nicaragua,1950.0,
NIC,2020-01-01,Nicaragua,1740.0,
NIC,2019-01-01,Nicaragua,1860.0,
NIC,2018-01-01,Nicaragua,1940.0,
NIC,2017-01-01,Nicaragua,2000.0,
NIC,2016-01-01,Nicaragua,1930.0,
NIC,2015-01-01,Nicaragua,1870.0,
NIC,2014-01-01,Nicaragua,1810.0,46.2
NIC,2013-01-01,Nicaragua,1730.0,
NIC,2012-01-01,Nicaragua,1660.0,
NIC,2011-01-01,Nicaragua,1560.0,
NIC,2010-01-01,Nicaragua,1460.0,
NZL,2021-01-01,New Zealand,45230.0,
NZL,2020-01-01,New Zealand,41480.0,
NZL,2019-01-01,New Zealand,43050.0,
NZL,2018-01-01,New Zealand,41650.0,
NZL,2017-01-01,New Zealand,38870.0,
NZL,2016-01-01,New Zealand,39440.0,
NZL,2015-01-01,New Zealand,40660.0,
NZL,2014-01-01,New Zealand,41680.0,
NZL,2013-01-01,New Zealand,39930.0,
NZL,2012-01-01,New Zealand,36700.0,
NZL,2011-01-01,New Zealand,32230.0,
NZL,2010-01-01,New Zealand,29680.0,
NLD,2021-01-01,Netherlands,55200.0,
NLD,2020-01-01,Netherlands,50170.0,
NLD,2019-01-01,Netherlands,51930.0,29.2
NLD,2018-01-01,Netherlands,50540.0,28.1
NLD,2017-01-01,Netherlands,46270.0,28.5
NLD,2016-01-01,Netherlands,46480.0,28.2
NLD,2015-01-01,Netherlands,49300.0,28.2
NLD,2014-01-01,Netherlands,51600.0,28.6
NLD,2013-01-01,Netherlands,51900.0,28.1
NLD,2012-01-01,Netherlands,51500.0,27.6
NLD,2011-01-01,Netherlands,53650.0,27.8
NLD,2010-01-01,Netherlands,53430.0,27.8
NPL,2021-01-01,Nepal,1220.0,
NPL,2020-01-01,Nepal,1180.0,
NPL,2019-01-01,Nepal,1220.0,
NPL,2018-01-01,Nepal,1110.0,
NPL,2017-01-01,Nepal,970.0,
NPL,2016-01-01,Nepal,860.0,
NPL,2015-01-01,Nepal,870.0,
NPL,2014-01-01,Nepal,860.0,
NPL,2013-01-01,Nepal,840.0,
NPL,2012-01-01,Nepal,760.0,
NPL,2011-01-01,Nepal,630.0,
NPL,2010-01-01,Nepal,540.0,32.8
NRU,2021-01-01,Nauru,16920.0,
NRU,2020-01-01,Nauru,15240.0,
NRU,2019-01-01,Nauru,14400.0,
NRU,2018-01-01,Nauru,12980.0,
NRU,2017-01-01,Nauru,11150.0,
NRU,2016-01-01,Nauru,11650.0,
NRU,2015-01-01,Nauru,12690.0,
NRU,2014-01-01,Nauru,14030.0,
NRU,2013-01-01,Nauru,12410.0,
NRU,2012-01-01,Nauru,8610.0,34.8
NAM,2021-01-01,Namibia,4650.0,
NAM,2020-01-01,Namibia,4650.0,
NAM,2019-01-01,Namibia,5270.0,
NAM,2018-01-01,Namibia,5000.0,
NAM,2017-01-01,Namibia,4700.0,
NAM,2016-01-01,Namibia,4810.0,
NAM,2015-01-01,Namibia,5380.0,59.1
NAM,2014-01-01,Namibia,5870.0,
NAM,2013-01-01,Namibia,6020.0,
NAM,2012-01-01,Namibia,5800.0,
NAM,2011-01-01,Namibia,5190.0,
NAM,2010-01-01,Namibia,4540.0,
MMR,2021-01-01,Myanmar,1170.0,
MMR,2020-01-01,Myanmar,1370.0,
MMR,2019-01-01,Myanmar,1300.0,
MMR,2018-01-01,Myanmar,1250.0,
MMR,2017-01-01,Myanmar,1210.0,30.7
MMR,2016-01-01,Myanmar,1230.0,
MMR,2015-01-01,Myanmar,1200.0,38.1
MMR,2014-01-01,Myanmar,1240.0,
MMR,2013-01-01,Myanmar,1190.0,
MMR,2012-01-01,Myanmar,1010.0,
MMR,2011-01-01,Myanmar,820.0,
MMR,2010-01-01,Myanmar,630.0,
MOZ,2021-01-01,Mozambique,480.0,
MOZ,2020-01-01,Mozambique,470.0,
MOZ,2019-01-01,Mozambique,490.0,
MOZ,2018-01-01,Mozambique,460.0,
MOZ,2017-01-01,Mozambique,470.0,
MOZ,2016-01-01,Mozambique,540.0,
MOZ,2015-01-01,Mozambique,650.0,
MOZ,2014-01-01,Mozambique,690.0,54.0
MOZ,2013-01-01,Mozambique,680.0,
MOZ,2012-01-01,Mozambique,610.0,
MOZ,2011-01-01,Mozambique,550.0,
MOZ,2010-01-01,Mozambique,530.0,
MAR,2021-01-01,Morocco,3620.0,
MAR,2020-01-01,Morocco,3250.0,
MAR,2019-01-01,Morocco,3500.0,
MAR,2018-01-01,Morocco,3380.0,
MAR,2017-01-01,Morocco,3160.0,
MAR,2016-01-01,Morocco,3140.0,
MAR,2015-01-01,Morocco,3360.0,
MAR,2014-01-01,Morocco,3470.0,
MAR,2013-01-01,Morocco,3090.0,39.5
MAR,2012-01-01,Morocco,2970.0,
MAR,2011-01-01,Morocco,3000.0,
MAR,2010-01-01,Morocco,2930.0,
MNE,2021-01-01,Montenegro,9340.0,
MNE,2020-01-01,Montenegro,7900.0,
MNE,2019-01-01,Montenegro,9140.0,
MNE,2018-01-01,Montenegro,8450.0,36.8
MNE,2017-01-01,Montenegro,7410.0,36.9
MNE,2016-01-01,Montenegro,7090.0,38.5
MNE,2015-01-01,Montenegro,7260.0,39.0
MNE,2014-01-01,Montenegro,7320.0,38.8
MNE,2013-01-01,Montenegro,7330.0,39.0
MNE,2012-01-01,Montenegro,7000.0,41.2
MNE,2011-01-01,Montenegro,7260.0,
MNE,2010-01-01,Montenegro,6920.0,
MNG,2021-01-01,Mongolia,3730.0,
MNG,2020-01-01,Mongolia,3720.0,
MNG,2019-01-01,Mongolia,3840.0,
MNG,2018-01-01,Mongolia,3700.0,32.7
MNG,2017-01-01,Mongolia,3250.0,
MNG,2016-01-01,Mongolia,3520.0,32.3
MNG,2015-01-01,Mongolia,3850.0,
MNG,2014-01-01,Mongolia,4270.0,32.0
MNG,2013-01-01,Mongolia,4390.0,
MNG,2012-01-01,Mongolia,3690.0,33.8
MNG,2011-01-01,Mongolia,2610.0,33.9
MNG,2010-01-01,Mongolia,2010.0,33.1
MDA,2021-01-01,Moldova,5370.0,
MDA,2020-01-01,Moldova,4490.0,
MDA,2019-01-01,Moldova,4580.0,26.0
MDA,2018-01-01,Moldova,3920.0,25.7
MDA,2017-01-01,Moldova,3330.0,25.9
MDA,2016-01-01,Moldova,3180.0,26.3
MDA,2015-01-01,Moldova,3290.0,27.0
MDA,2014-01-01,Moldova,3740.0,26.8
MDA,2013-01-01,Moldova,3620.0,28.5
MDA,2012-01-01,Moldova,3140.0,29.2
MDA,2011-01-01,Moldova,2730.0,30.6
MDA,2010-01-01,Moldova,2380.0,32.1
FSM,2021-01-01,"Micronesia, Fed. Sts.",3980.0,
FSM,2020-01-01,"Micronesia, Fed. Sts.",4070.0,
FSM,2019-01-01,"Micronesia, Fed. Sts.",4030.0,
FSM,2018-01-01,"Micronesia, Fed. Sts.",3450.0,
FSM,2017-01-01,"Micronesia, Fed. Sts.",3490.0,
FSM,2016-01-01,"Micronesia, Fed. Sts.",3420.0,
FSM,2015-01-01,"Micronesia, Fed. Sts.",3470.0,
FSM,2014-01-01,"Micronesia, Fed. Sts.",3100.0,
FSM,2013-01-01,"Micronesia, Fed. Sts.",3100.0,40.1
FSM,2012-01-01,"Micronesia, Fed. Sts.",3050.0,
FSM,2011-01-01,"Micronesia, Fed. Sts.",2950.0,
FSM,2010-01-01,"Micronesia, Fed. Sts.",2780.0,
MEX,2021-01-01,Mexico,9590.0,
MEX,2020-01-01,Mexico,8750.0,45.4
MEX,2019-01-01,Mexico,9660.0,
MEX,2018-01-01,Mexico,9350.0,46.7
MEX,2017-01-01,Mexico,9060.0,
MEX,2016-01-01,Mexico,9530.0,47.7
MEX,2015-01-01,Mexico,10310.0,
MEX,2014-01-01,Mexico,10640.0,48.7
MEX,2013-01-01,Mexico,10400.0,
MEX,2012-01-01,Mexico,10180.0,48.7
MEX,2011-01-01,Mexico,9430.0,
MEX,2010-01-01,Mexico,9170.0,47.2
MUS,2021-01-01,Mauritius,9920.0,
MUS,2020-01-01,Mauritius,9940.0,
MUS,2019-01-01,Mauritius,12130.0,
MUS,2018-01-01,Mauritius,11510.0,
MUS,2017-01-01,Mauritius,10410.0,36.8
MUS,2016-01-01,Mauritius,10050.0,
MUS,2015-01-01,Mauritius,10140.0,
MUS,2014-01-01,Mauritius,10220.0,
MUS,2013-01-01,Mauritius,9920.0,
MUS,2012-01-01,Mauritius,9260.0,38.5
MUS,2011-01-01,Mauritius,8580.0,
MUS,2010-01-01,Mauritius,8250.0,
MRT,2021-01-01,Mauritania,1950.0,
MRT,2020-01-01,Mauritania,1790.0,
MRT,2019-01-01,Mauritania,1790.0,
MRT,2018-01-01,Mauritania,1710.0,
MRT,2017-01-01,Mauritania,1570.0,
MRT,2016-01-01,Mauritania,1560.0,
MRT,2015-01-01,Mauritania,1690.0,
MRT,2014-01-01,Mauritania,1790.0,32.6
MRT,2013-01-01,Mauritania,1890.0,
MRT,2012-01-01,Mauritania,1790.0,
MRT,2011-01-01,Mauritania,1630.0,
MRT,2010-01-01,Mauritania,1540.0,
MHL,2021-01-01,Marshall Islands,6780.0,
MHL,2020-01-01,Marshall Islands,6690.0,
MHL,2019-01-01,Marshall Islands,6750.0,35.5
MHL,2018-01-01,Marshall Islands,6010.0,
MHL,2017-01-01,Marshall Islands,5330.0,
MHL,2016-01-01,Marshall Islands,5040.0,
MHL,2015-01-01,Marshall Islands,4980.0,
MHL,2014-01-01,Marshall Islands,4500.0,
MHL,2013-01-01,Marshall Islands,4280.0,
MHL,2012-01-01,Marshall Islands,3790.0,
MHL,2011-01-01,Marshall Islands,3780.0,
MHL,2010-01-01,Marshall Islands,3710.0,
MLT,2021-01-01,Malta,30760.0,
MLT,2020-01-01,Malta,26440.0,
MLT,2019-01-01,Malta,29340.0,31.0
MLT,2018-01-01,Malta,27950.0,28.7
MLT,2017-01-01,Malta,24670.0,29.2
MLT,2016-01-01,Malta,23440.0,29.1
MLT,2015-01-01,Malta,25230.0,29.4
MLT,2014-01-01,Malta,24560.0,29.0
MLT,2013-01-01,Malta,23370.0,28.8
MLT,2012-01-01,Malta,22160.0,29.4
MLT,2011-01-01,Malta,22120.0,29.1
MLT,2010-01-01,Malta,21370.0,29.0
MLI,2021-01-01,Mali,820.0,
MLI,2020-01-01,Mali,790.0,
MLI,2019-01-01,Mali,820.0,
MLI,2018-01-01,Mali,800.0,36.1
MLI,2017-01-01,Mali,730.0,
MLI,2016-01-01,Mali,750.0,
MLI,2015-01-01,Mali,770.0,
MLI,2014-01-01,Mali,780.0,
MLI,2013-01-01,Mali,750.0,
MLI,2012-01-01,Mali,710.0,
MLI,2011-01-01,Mali,710.0,
MLI,2010-01-01,Mali,670.0,
MDV,2021-01-01,Maldives,9600.0,
MDV,2020-01-01,Maldives,6780.0,
MDV,2019-01-01,Maldives,10160.0,29.3
MDV,2018-01-01,Maldives,9700.0,
MDV,2017-01-01,Maldives,9040.0,
MDV,2016-01-01,Maldives,8450.0,31.3
MDV,2015-01-01,Maldives,7990.0,
MDV,2014-01-01,Maldives,7640.0,
MDV,2013-01-01,Maldives,7060.0,
MDV,2012-01-01,Maldives,6790.0,
MDV,2011-01-01,Maldives,6700.0,
MDV,2010-01-01,Maldives,6030.0,
MYS,2021-01-01,Malaysia,10710.0,
MYS,2020-01-01,Malaysia,10320.0,
MYS,2019-01-01,Malaysia,10960.0,
MYS,2018-01-01,Malaysia,10370.0,
MYS,2017-01-01,Malaysia,9680.0,
MYS,2016-01-01,Malaysia,9880.0,
MYS,2015-01-01,Malaysia,10400.0,41.1
MYS,2014-01-01,Malaysia,10870.0,
MYS,2013-01-01,Malaysia,10600.0,41.3
MYS,2012-01-01,Malaysia,9980.0,
MYS,2011-01-01,Malaysia,8890.0,43.9
MYS,2010-01-01,Malaysia,8110.0,
MWI,2021-01-01,Malawi,620.0,
MWI,2020-01-01,Malawi,580.0,
MWI,2019-01-01,Malawi,550.0,38.5
MWI,2018-01-01,Malawi,430.0,
MWI,2017-01-01,Malawi,370.0,
MWI,2016-01-01,Malawi,340.0,44.7
MWI,2015-01-01,Malawi,350.0,
MWI,2014-01-01,Malawi,370.0,
MWI,2013-01-01,Malawi,400.0,
MWI,2012-01-01,Malawi,450.0,
MWI,2011-01-01,Malawi,490.0,
MWI,2010-01-01,Malawi,440.0,45.5
MDG,2021-01-01,Madagascar,490.0,
MDG,2020-01-01,Madagascar,460.0,
MDG,2019-01-01,Madagascar,510.0,
MDG,2018-01-01,Madagascar,490.0,
MDG,2017-01-01,Madagascar,460.0,
MDG,2016-01-01,Madagascar,450.0,
MDG,2015-01-01,Madagascar,470.0,
MDG,2014-01-01,Madagascar,500.0,
MDG,2013-01-01,Madagascar,500.0,
MDG,2012-01-01,Madagascar,480.0,42.6
MDG,2011-01-01,Madagascar,470.0,
MDG,2010-01-01,Madagascar,460.0,42.4
MAC,2021-01-01,"Macao SAR, China",46450.0,
MAC,2020-01-01,"Macao SAR, China",44690.0,
MAC,2019-01-01,"Macao SAR, China",73170.0,
MAC,2018-01-01,"Macao SAR, China",74190.0,
MAC,2017-01-01,"Macao SAR, China",68200.0,
MAC,2016-01-01,"Macao SAR, China",62300.0,
MAC,2015-01-01,"Macao SAR, China",60760.0,
MAC,2014-01-01,"Macao SAR, China",70480.0,
MAC,2013-01-01,"Macao SAR, China",67630.0,35.0
MAC,2012-01-01,"Macao SAR, China",58830.0,
MAC,2011-01-01,"Macao SAR, China",52570.0,
MAC,2010-01-01,"Macao SAR, China",43710.0,
LUX,2021-01-01,Luxembourg,88190.0,
LUX,2020-01-01,Luxembourg,79580.0,
LUX,2019-01-01,Luxembourg,77500.0,34.2
LUX,2018-01-01,Luxembourg,79770.0,35.4
LUX,2017-01-01,Luxembourg,75800.0,34.5
LUX,2016-01-01,Luxembourg,73730.0,31.7
LUX,2015-01-01,Luxembourg,73530.0,32.9
LUX,2014-01-01,Luxembourg,86760.0,31.2
LUX,2013-01-01,Luxembourg,85160.0,32.0
LUX,2012-01-01,Luxembourg,87950.0,34.3
LUX,2011-01-01,Luxembourg,79210.0,32.1
LUX,2010-01-01,Luxembourg,77640.0,30.5
LTU,2021-01-01,Lithuania,21740.0,
LTU,2020-01-01,Lithuania,19680.0,
LTU,2019-01-01,Lithuania,19080.0,35.3
LTU,2018-01-01,Lithuania,17470.0,35.7
LTU,2017-01-01,Lithuania,15280.0,37.3
LTU,2016-01-01,Lithuania,14890.0,38.4
LTU,2015-01-01,Lithuania,15190.0,37.4
LTU,2014-01-01,Lithuania,16070.0,37.7
LTU,2013-01-01,Lithuania,15340.0,35.3
LTU,2012-01-01,Lithuania,14100.0,35.1
LTU,2011-01-01,Lithuania,13320.0,32.5
LTU,2010-01-01,Lithuania,12570.0,33.6
LBY,2021-01-01,Libya,8700.0,
LBY,2020-01-01,Libya,7890.0,
LBY,2019-01-01,Libya,10530.0,
LBY,2018-01-01,Libya,11520.0,
LBY,2017-01-01,Libya,10220.0,
LBY,2016-01-01,Libya,7980.0,
LBY,2015-01-01,Libya,8690.0,
LBY,2014-01-01,Libya,9460.0,
LBY,2013-01-01,Libya,12120.0,
LBY,2012-01-01,Libya,13810.0,
LBY,2011-01-01,Libya,6170.0,
LBY,2010-01-01,Libya,11670.0,
LBR,2021-01-01,Liberia,630.0,
LBR,2020-01-01,Liberia,600.0,
LBR,2019-01-01,Liberia,610.0,
LBR,2018-01-01,Liberia,620.0,
LBR,2017-01-01,Liberia,630.0,
LBR,2016-01-01,Liberia,620.0,35.3
LBR,2015-01-01,Liberia,630.0,
LBR,2014-01-01,Liberia,630.0,33.2
LBR,2013-01-01,Liberia,620.0,
LBR,2012-01-01,Liberia,540.0,
LBR,2011-01-01,Liberia,500.0,
LBR,2010-01-01,Liberia,440.0,
LSO,2021-01-01,Lesotho,1210.0,
LSO,2020-01-01,Lesotho,1150.0,
LSO,2019-01-01,Lesotho,1270.0,
LSO,2018-01-01,Lesotho,1180.0,
LSO,2017-01-01,Lesotho,1150.0,44.9
LSO,2016-01-01,Lesotho,1230.0,
LSO,2015-01-01,Lesotho,1280.0,
LSO,2014-01-01,Lesotho,1320.0,
LSO,2013-01-01,Lesotho,1430.0,
LSO,2012-01-01,Lesotho,1480.0,
LSO,2011-01-01,Lesotho,1340.0,
LSO,2010-01-01,Lesotho,1260.0,
LBN,2021-01-01,Lebanon,5110.0,
LBN,2020-01-01,Lebanon,6400.0,
LBN,2019-01-01,Lebanon,8630.0,
LBN,2018-01-01,Lebanon,8760.0,
LBN,2017-01-01,Lebanon,8320.0,
LBN,2016-01-01,Lebanon,7750.0,
LBN,2015-01-01,Lebanon,7440.0,
LBN,2014-01-01,Lebanon,7520.0,
LBN,2013-01-01,Lebanon,7970.0,
LBN,2012-01-01,Lebanon,8080.0,
LBN,2011-01-01,Lebanon,7800.0,31.8
LBN,2010-01-01,Lebanon,7410.0,
LVA,2021-01-01,Latvia,19790.0,
LVA,2020-01-01,Latvia,18240.0,
LVA,2019-01-01,Latvia,17830.0,34.5
LVA,2018-01-01,Latvia,16560.0,35.1
LVA,2017-01-01,Latvia,14870.0,35.6
LVA,2016-01-01,Latvia,14800.0,34.3
LVA,2015-01-01,Latvia,15110.0,34.2
LVA,2014-01-01,Latvia,15340.0,35.1
LVA,2013-01-01,Latvia,14850.0,35.5
LVA,2012-01-01,Latvia,13800.0,35.2
LVA,2011-01-01,Latvia,12740.0,35.8
LVA,2010-01-01,Latvia,12650.0,35.0
LAO,2021-01-01,Lao PDR,2500.0,
LAO,2020-01-01,Lao PDR,2470.0,
LAO,2019-01-01,Lao PDR,2520.0,
LAO,2018-01-01,Lao PDR,2470.0,38.8
LAO,2017-01-01,Lao PDR,2240.0,
LAO,2016-01-01,Lao PDR,2110.0,
LAO,2015-01-01,Lao PDR,1970.0,
LAO,2014-01-01,Lao PDR,1810.0,
LAO,2013-01-01,Lao PDR,1600.0,
LAO,2012-01-01,Lao PDR,1360.0,36.0
LAO,2011-01-01,Lao PDR,1130.0,
LAO,2010-01-01,Lao PDR,990.0,
KGZ,2021-01-01,Kyrgyz Republic,1180.0,
KGZ,2020-01-01,Kyrgyz Republic,1180.0,29.0
KGZ,2019-01-01,Kyrgyz Republic,1240.0,29.7
KGZ,2018-01-01,Kyrgyz Republic,1220.0,27.7
KGZ,2017-01-01,Kyrgyz Republic,1110.0,27.3
KGZ,2016-01-01,Kyrgyz Republic,1110.0,26.8
KGZ,2015-01-01,Kyrgyz Republic,1180.0,29.0
KGZ,2014-01-01,Kyrgyz Republic,1250.0,26.8
KGZ,2013-01-01,Kyrgyz Republic,1190.0,28.8
KGZ,2012-01-01,Kyrgyz Republic,1040.0,27.4
KGZ,2011-01-01,Kyrgyz Republic,880.0,27.8
KGZ,2010-01-01,Kyrgyz Republic,850.0,30.1
KWT,2019-01-01,Kuwait,34290.0,
KWT,2018-01-01,Kuwait,32300.0,
KWT,2017-01-01,Kuwait,30880.0,
KWT,2016-01-01,Kuwait,34540.0,
KWT,2015-01-01,Kuwait,41040.0,
KWT,2014-01-01,Kuwait,50050.0,
KWT,2013-01-01,Kuwait,51310.0,
KWT,2012-01-01,Kuwait,49020.0,
KWT,2011-01-01,Kuwait,44120.0,
KWT,2010-01-01,Kuwait,43190.0,
XKX,2021-01-01,Kosovo,5130.0,
XKX,2020-01-01,Kosovo,4440.0,
XKX,2019-01-01,Kosovo,4640.0,
XKX,2018-01-01,Kosovo,4300.0,
XKX,2017-01-01,Kosovo,3950.0,29.0
XKX,2016-01-01,Kosovo,3930.0,26.7
XKX,2015-01-01,Kosovo,3930.0,26.5
XKX,2014-01-01,Kosovo,3910.0,27.3
XKX,2013-01-01,Kosovo,3800.0,26.3
XKX,2012-01-01,Kosovo,3540.0,29.0
XKX,2011-01-01,Kosovo,3390.0,27.8
XKX,2010-01-01,Kosovo,3150.0,33.3
KOR,2021-01-01,"Korea, Rep.",35110.0,
KOR,2020-01-01,"Korea, Rep.",33040.0,
KOR,2019-01-01,"Korea, Rep.",33830.0,
KOR,2018-01-01,"Korea, Rep.",32750.0,
KOR,2017-01-01,"Korea, Rep.",30300.0,
KOR,2016-01-01,"Korea, Rep.",29330.0,31.4
KOR,2015-01-01,"Korea, Rep.",28720.0,
KOR,2014-01-01,"Korea, Rep.",28160.0,31.2
KOR,2013-01-01,"Korea, Rep.",26980.0,
KOR,2012-01-01,"Korea, Rep.",25660.0,31.6
KOR,2011-01-01,"Korea, Rep.",23590.0,
KOR,2010-01-01,"Korea, Rep.",22290.0,32.0
KIR,2021-01-01,Kiribati,2750.0,
KIR,2020-01-01,Kiribati,2740.0,
KIR,2019-01-01,Kiribati,3250.0,27.8
KIR,2018-01-01,Kiribati,3000.0,
KIR,2017-01-01,Kiribati,2780.0,
KIR,2016-01-01,Kiribati,2660.0,
KIR,2015-01-01,Kiribati,3280.0,
KIR,2014-01-01,Kiribati,3050.0,
KIR,2013-01-01,Kiribati,2840.0,
KIR,2012-01-01,Kiribati,2490.0,
KIR,2011-01-01,Kiribati,1990.0,
KIR,2010-01-01,Kiribati,1950.0,
KEN,2021-01-01,Kenya,2080.0,
KEN,2020-01-01,Kenya,1900.0,
KEN,2019-01-01,Kenya,1890.0,
KEN,2018-01-01,Kenya,1730.0,
KEN,2017-01-01,Kenya,1550.0,
KEN,2016-01-01,Kenya,1500.0,
KEN,2015-01-01,Kenya,1330.0,40.8
KEN,2014-01-01,Kenya,1260.0,
KEN,2013-01-01,Kenya,1130.0,
KEN,2012-01-01,Kenya,1060.0,
KEN,2011-01-01,Kenya,1010.0,
KEN,2010-01-01,Kenya,930.0,
KAZ,2021-01-01,Kazakhstan,8880.0,
KAZ,2020-01-01,Kazakhstan,8710.0,
KAZ,2019-01-01,Kazakhstan,8820.0,
KAZ,2018-01-01,Kazakhstan,8070.0,27.8
KAZ,2017-01-01,Kazakhstan,8040.0,27.5
KAZ,2016-01-01,Kazakhstan,8770.0,27.2
KAZ,2015-01-01,Kazakhstan,11380.0,26.8
KAZ,2014-01-01,Kazakhstan,12080.0,27.0
KAZ,2013-01-01,Kazakhstan,11840.0,27.1
KAZ,2012-01-01,Kazakhstan,9940.0,28.2
KAZ,2011-01-01,Kazakhstan,8280.0,28.0
KAZ,2010-01-01,Kazakhstan,7440.0,28.0
JOR,2021-01-01,Jordan,4170.0,
JOR,2020-01-01,Jordan,4070.0,
JOR,2019-01-01,Jordan,4200.0,
JOR,2018-01-01,Jordan,4090.0,
JOR,2017-01-01,Jordan,3920.0,
JOR,2016-01-01,Jordan,3830.0,
JOR,2015-01-01,Jordan,3860.0,
JOR,2014-01-01,Jordan,4040.0,
JOR,2013-01-01,Jordan,4240.0,
JOR,2012-01-01,Jordan,4180.0,
JOR,2011-01-01,Jordan,3910.0,
JOR,2010-01-01,Jordan,3690.0,33.7
JPN,2021-01-01,Japan,42650.0,
JPN,2020-01-01,Japan,40810.0,
JPN,2019-01-01,Japan,42010.0,
JPN,2018-01-01,Japan,41770.0,
JPN,2017-01-01,Japan,38930.0,
JPN,2016-01-01,Japan,38460.0,
JPN,2015-01-01,Japan,39380.0,
JPN,2014-01-01,Japan,44440.0,
JPN,2013-01-01,Japan,48850.0,32.9
JPN,2012-01-01,Japan,50060.0,
JPN,2011-01-01,Japan,47470.0,
JPN,2010-01-01,Japan,43910.0,32.1
JAM,2021-01-01,Jamaica,5190.0,
JAM,2020-01-01,Jamaica,4900.0,
JAM,2019-01-01,Jamaica,5500.0,
JAM,2018-01-01,Jamaica,5230.0,
JAM,2017-01-01,Jamaica,4940.0,
JAM,2016-01-01,Jamaica,4770.0,35.0
JAM,2015-01-01,Jamaica,4870.0,
JAM,2014-01-01,Jamaica,5070.0,
JAM,2013-01-01,Jamaica,5170.0,
JAM,2012-01-01,Jamaica,5130.0,
JAM,2011-01-01,Jamaica,4730.0,
JAM,2010-01-01,Jamaica,4520.0,
ITA,2021-01-01,Italy,35990.0,
ITA,2020-01-01,Italy,32410.0,
ITA,2019-01-01,Italy,34930.0,
ITA,2018-01-01,Italy,33850.0,35.2
ITA,2017-01-01,Italy,31380.0,35.9
ITA,2016-01-01,Italy,31970.0,35.2
ITA,2015-01-01,Italy,33000.0,35.4
ITA,2014-01-01,Italy,34910.0,34.7
ITA,2013-01-01,Italy,35570.0,34.9
ITA,2012-01-01,Italy,36220.0,35.2
ITA,2011-01-01,Italy,37980.0,35.1
ITA,2010-01-01,Italy,37960.0,34.7
ISR,2021-01-01,Israel,49290.0,
ISR,2020-01-01,Israel,43310.0,
ISR,2019-01-01,Israel,44070.0,
ISR,2018-01-01,Israel,41690.0,38.6
ISR,2017-01-01,Israel,38320.0,38.2
ISR,2016-01-01,Israel,36970.0,39.0
ISR,2015-01-01,Israel,36640.0,39.7
ISR,2014-01-01,Israel,36670.0,39.8
ISR,2013-01-01,Israel,35080.0,40.2
ISR,2012-01-01,Israel,33020.0,41.6
ISR,2011-01-01,Israel,32320.0,41.4
ISR,2010-01-01,Israel,30280.0,42.5
IMN,2019-01-01,Isle of Man,84580.0,
IMN,2018-01-01,Isle of Man,83960.0,
IMN,2017-01-01,Isle of Man,78840.0,
IMN,2016-01-01,Isle of Man,78710.0,
IMN,2015-01-01,Isle of Man,83630.0,
IMN,2014-01-01,Isle of Man,88570.0,
IMN,2013-01-01,Isle of Man,87680.0,
IMN,2012-01-01,Isle of Man,82400.0,
IMN,2011-01-01,Isle of Man,74870.0,
IMN,2010-01-01,Isle of Man,72450.0,
IRL,2021-01-01,Ireland,76110.0,
IRL,2020-01-01,Ireland,65330.0,
IRL,2019-01-01,Ireland,63570.0,
IRL,2018-01-01,Ireland,59350.0,30.6
IRL,2017-01-01,Ireland,53520.0,31.4
IRL,2016-01-01,Ireland,51790.0,32.8
IRL,2015-01-01,Ireland,50280.0,31.8
IRL,2014-01-01,Ireland,46480.0,31.9
IRL,2013-01-01,Ireland,43580.0,33.5
IRL,2012-01-01,Ireland,40840.0,33.2
IRL,2011-01-01,Ireland,42270.0,32.9
IRL,2010-01-01,Ireland,44990.0,32.3
IRQ,2021-01-01,Iraq,4760.0,
IRQ,2020-01-01,Iraq,4720.0,
IRQ,2019-01-01,Iraq,5470.0,
IRQ,2018-01-01,Iraq,4780.0,
IRQ,2017-01-01,Iraq,4400.0,
IRQ,2016-01-01,Iraq,5050.0,
IRQ,2015-01-01,Iraq,5460.0,
IRQ,2014-01-01,Iraq,6320.0,
IRQ,2013-01-01,Iraq,6590.0,
IRQ,2012-01-01,Iraq,5940.0,29.5
IRQ,2011-01-01,Iraq,4710.0,
IRQ,2010-01-01,Iraq,4350.0,
IRN,2021-01-01,"Iran, Islamic Rep.",3530.0,
IRN,2020-01-01,"Iran, Islamic Rep.",3290.0,
IRN,2019-01-01,"Iran, Islamic Rep.",4010.0,40.9
IRN,2018-01-01,"Iran, Islamic Rep.",4880.0,42.0
IRN,2017-01-01,"Iran, Islamic Rep.",5490.0,40.8
IRN,2016-01-01,"Iran, Islamic Rep.",5470.0,40.0
IRN,2015-01-01,"Iran, Islamic Rep.",5480.0,39.5
IRN,2014-01-01,"Iran, Islamic Rep.",6740.0,38.8
IRN,2013-01-01,"Iran, Islamic Rep.",7340.0,37.4
IRN,2012-01-01,"Iran, Islamic Rep.",7490.0,
IRN,2011-01-01,"Iran, Islamic Rep.",6860.0,
IRN,2010-01-01,"Iran, Islamic Rep.",6110.0,
IDN,2021-01-01,Indonesia,4180.0,37.9
IDN,2020-01-01,Indonesia,3900.0,37.6
IDN,2019-01-01,Indonesia,4070.0,37.6
IDN,2018-01-01,Indonesia,3850.0,38.4
IDN,2017-01-01,Indonesia,3530.0,38.8
IDN,2016-01-01,Indonesia,3400.0,39.3
IDN,2015-01-01,Indonesia,3420.0,40.4
IDN,2014-01-01,Indonesia,3600.0,40.2
IDN,2013-01-01,Indonesia,3710.0,40.8
IDN,2012-01-01,Indonesia,3550.0,40.5
IDN,2011-01-01,Indonesia,2990.0,40.5
IDN,2010-01-01,Indonesia,2510.0,37.2
IND,2021-01-01,India,2150.0,
IND,2020-01-01,India,1890.0,
IND,2019-01-01,India,2080.0,35.7
IND,2018-01-01,India,1980.0,34.6
IND,2017-01-01,India,1800.0,35.9
IND,2016-01-01,India,1660.0,34.8
IND,2015-01-01,India,1590.0,34.7
IND,2014-01-01,India,1550.0,
IND,2013-01-01,India,1500.0,
IND,2012-01-01,India,1470.0,
IND,2011-01-01,India,1360.0,35.7
IND,2010-01-01,India,1210.0,
ISL,2021-01-01,Iceland,63460.0,
ISL,2020-01-01,Iceland,62280.0,
ISL,2019-01-01,Iceland,72950.0,
ISL,2018-01-01,Iceland,67770.0,
ISL,2017-01-01,Iceland,60230.0,26.1
ISL,2016-01-01,Iceland,54910.0,27.2
ISL,2015-01-01,Iceland,49940.0,26.8
ISL,2014-01-01,Iceland,48090.0,27.8
ISL,2013-01-01,Iceland,46960.0,25.4
ISL,2012-01-01,Iceland,40690.0,26.8
ISL,2011-01-01,Iceland,37610.0,26.8
ISL,2010-01-01,Iceland,36270.0,26.2
HUN,2021-01-01,Hungary,17740.0,
HUN,2020-01-01,Hungary,16030.0,
HUN,2019-01-01,Hungary,16570.0,30.0
HUN,2018-01-01,Hungary,14980.0,29.6
HUN,2017-01-01,Hungary,13180.0,30.6
HUN,2016-01-01,Hungary,13100.0,30.3
HUN,2015-01-01,Hungary,13230.0,30.4
HUN,2014-01-01,Hungary,13560.0,30.9
HUN,2013-01-01,Hungary,13520.0,31.5
HUN,2012-01-01,Hungary,13080.0,30.8
HUN,2011-01-01,Hungary,13250.0,29.2
HUN,2010-01-01,Hungary,13260.0,29.4
HKG,2021-01-01,"Hong Kong SAR, China",54460.0,
HKG,2020-01-01,"Hong Kong SAR, China",48550.0,
HKG,2019-01-01,"Hong Kong SAR, China",50480.0,
HKG,2018-01-01,"Hong Kong SAR, China",50050.0,
HKG,2017-01-01,"Hong Kong SAR, China",46380.0,
HKG,2016-01-01,"Hong Kong SAR, China",42970.0,53.9
HKG,2015-01-01,"Hong Kong SAR, China",41180.0,
HKG,2014-01-01,"Hong Kong SAR, China",40240.0,
HKG,2013-01-01,"Hong Kong SAR, China",38570.0,
HKG,2012-01-01,"Hong Kong SAR, China",36340.0,
HKG,2011-01-01,"Hong Kong SAR, China",35690.0,
HKG,2010-01-01,"Hong Kong SAR, China",33620.0,
HND,2021-01-01,Honduras,2490.0,
HND,2020-01-01,Honduras,2150.0,
HND,2019-01-01,Honduras,2330.0,48.2
HND,2018-01-01,Honduras,2280.0,48.9
HND,2017-01-01,Honduras,2200.0,49.4
HND,2016-01-01,Honduras,2080.0,49.8
HND,2015-01-01,Honduras,2020.0,49.2
HND,2014-01-01,Honduras,1970.0,49.9
HND,2013-01-01,Honduras,1970.0,50.0
HND,2012-01-01,Honduras,1930.0,53.4
HND,2011-01-01,Honduras,1850.0,52.6
HND,2010-01-01,Honduras,1710.0,53.1
HTI,2021-01-01,Haiti,1430.0,
HTI,2020-01-01,Haiti,1330.0,
HTI,2019-01-01,Haiti,1400.0,
HTI,2018-01-01,Haiti,1420.0,
HTI,2017-01-01,Haiti,1360.0,
HTI,2016-01-01,Haiti,1370.0,
HTI,2015-01-01,Haiti,1430.0,
HTI,2014-01-01,Haiti,1440.0,
HTI,2013-01-01,Haiti,1410.0,
HTI,2012-01-01,Haiti,1320.0,41.1
HTI,2011-01-01,Haiti,1250.0,
HTI,2010-01-01,Haiti,1140.0,
GUY,2021-01-01,Guyana,9410.0,
GUY,2020-01-01,Guyana,8190.0,
GUY,2019-01-01,Guyana,6500.0,
GUY,2018-01-01,Guyana,6240.0,
GUY,2017-01-01,Guyana,6000.0,
GUY,2016-01-01,Guyana,5690.0,
GUY,2015-01-01,Guyana,5560.0,
GUY,2014-01-01,Guyana,5660.0,
GUY,2013-01-01,Guyana,5630.0,
GUY,2012-01-01,Guyana,5360.0,
GUY,2011-01-01,Guyana,4870.0,
GUY,2010-01-01,Guyana,4520.0,
GNB,2021-01-01,Guinea-Bissau,760.0,
GNB,2020-01-01,Guinea-Bissau,740.0,
GNB,2019-01-01,Guinea-Bissau,780.0,
GNB,2018-01-01,Guinea-Bissau,700.0,34.8
GNB,2017-01-01,Guinea-Bissau,660.0,
GNB,2016-01-01,Guinea-Bissau,640.0,
GNB,2015-01-01,Guinea-Bissau,620.0,
GNB,2014-01-01,Guinea-Bissau,620.0,
GNB,2013-01-01,Guinea-Bissau,620.0,
GNB,2012-01-01,Guinea-Bissau,610.0,
GNB,2011-01-01,Guinea-Bissau,620.0,
GNB,2010-01-01,Guinea-Bissau,570.0,50.7
GIN,2021-01-01,Guinea,1020.0,
GIN,2020-01-01,Guinea,960.0,
GIN,2019-01-01,Guinea,940.0,
GIN,2018-01-01,Guinea,850.0,29.6
GIN,2017-01-01,Guinea,810.0,
GIN,2016-01-01,Guinea,760.0,
GIN,2015-01-01,Guinea,750.0,
GIN,2014-01-01,Guinea,730.0,
GIN,2013-01-01,Guinea,690.0,
GIN,2012-01-01,Guinea,690.0,33.7
GIN,2011-01-01,Guinea,670.0,
GIN,2010-01-01,Guinea,690.0,
GTM,2021-01-01,Guatemala,4940.0,
GTM,2020-01-01,Guatemala,4490.0,
GTM,2019-01-01,Guatemala,4620.0,
GTM,2018-01-01,Guatemala,4400.0,
GTM,2017-01-01,Guatemala,4100.0,
GTM,2016-01-01,Guatemala,3870.0,
GTM,2015-01-01,Guatemala,3700.0,
GTM,2014-01-01,Guatemala,3550.0,48.3
GTM,2013-01-01,Guatemala,3380.0,
GTM,2012-01-01,Guatemala,3160.0,
GTM,2011-01-01,Guatemala,2910.0,
GTM,2010-01-01,Guatemala,2730.0,
GRD,2021-01-01,Grenada,8590.0,
GRD,2020-01-01,Grenada,7880.0,
GRD,2019-01-01,Grenada,8920.0,
GRD,2018-01-01,Grenada,8740.0,
GRD,2017-01-01,Grenada,8020.0,
GRD,2016-01-01,Grenada,7670.0,
GRD,2015-01-01,Grenada,7140.0,
GRD,2014-01-01,Grenada,6940.0,
GRD,2013-01-01,Grenada,6840.0,
GRD,2012-01-01,Grenada,6520.0,
GRD,2011-01-01,Grenada,6560.0,
GRD,2010-01-01,Grenada,6470.0,
GRC,2021-01-01,Greece,20000.0,
GRC,2020-01-01,Greece,17960.0,
GRC,2019-01-01,Greece,19690.0,33.1
GRC,2018-01-01,Greece,19080.0,32.9
GRC,2017-01-01,Greece,17960.0,34.4
GRC,2016-01-01,Greece,18640.0,35.0
GRC,2015-01-01,Greece,20190.0,36.0
GRC,2014-01-01,Greece,22010.0,35.8
GRC,2013-01-01,Greece,22430.0,36.1
GRC,2012-01-01,Greece,23180.0,36.3
GRC,2011-01-01,Greece,24560.0,34.8
GRC,2010-01-01,Greece,27610.0,34.1
GHA,2021-01-01,Ghana,2280.0,
GHA,2020-01-01,Ghana,2230.0,
GHA,2019-01-01,Ghana,2150.0,
GHA,2018-01-01,Ghana,2050.0,
GHA,2017-01-01,Ghana,1820.0,
GHA,2016-01-01,Ghana,1750.0,43.5
GHA,2015-01-01,Ghana,1870.0,
GHA,2014-01-01,Ghana,1820.0,
GHA,2013-01-01,Ghana,1780.0,
GHA,2012-01-01,Ghana,1480.0,42.4
GHA,2011-01-01,Ghana,1340.0,
GHA,2010-01-01,Ghana,1200.0,
DEU,2021-01-01,Germany,51660.0,
DEU,2020-01-01,Germany,48050.0,
DEU,2019-01-01,Germany,49220.0,
DEU,2018-01-01,Germany,47490.0,31.7
DEU,2017-01-01,Germany,43760.0,31.2
DEU,2016-01-01,Germany,44280.0,31.6
DEU,2015-01-01,Germany,45780.0,31.6
DEU,2014-01-01,Germany,47640.0,30.9
DEU,2013-01-01,Germany,47220.0,31.5
DEU,2012-01-01,Germany,46560.0,31.1
DEU,2011-01-01,Germany,47320.0,30.8
DEU,2010-01-01,Germany,44680.0,30.3
GEO,2021-01-01,Georgia,4700.0,
GEO,2020-01-01,Georgia,4260.0,34.5
GEO,2019-01-01,Georgia,4690.0,35.9
GEO,2018-01-01,Georgia,4460.0,36.4
GEO,2017-01-01,Georgia,4040.0,37.9
GEO,2016-01-01,Georgia,4080.0,36.6
GEO,2015-01-01,Georgia,4410.0,36.5
GEO,2014-01-01,Georgia,4740.0,37.6
GEO,2013-01-01,Georgia,4530.0,38.6
GEO,2012-01-01,Georgia,4150.0,39.0
GEO,2011-01-01,Georgia,3520.0,39.6
GEO,2010-01-01,Georgia,3210.0,39.5
GMB,2021-01-01,"Gambia, The",740.0,
GMB,2020-01-01,"Gambia, The",700.0,
GMB,2019-01-01,"Gambia, The",700.0,
GMB,2018-01-01,"Gambia, The",670.0,
GMB,2017-01-01,"Gambia, The",610.0,
GMB,2016-01-01,"Gambia, The",580.0,
GMB,2015-01-01,"Gambia, The",580.0,35.9
GMB,2014-01-01,"Gambia, The",600.0,
GMB,2013-01-01,"Gambia, The",670.0,
GMB,2012-01-01,"Gambia, The",700.0,
GMB,2011-01-01,"Gambia, The",700.0,
GMB,2010-01-01,"Gambia, The",820.0,43.6
GAB,2021-01-01,Gabon,6440.0,
GAB,2020-01-01,Gabon,6830.0,
GAB,2019-01-01,Gabon,6950.0,
GAB,2018-01-01,Gabon,6610.0,
GAB,2017-01-01,Gabon,6280.0,38.0
GAB,2016-01-01,Gabon,6810.0,
GAB,2015-01-01,Gabon,7660.0,
GAB,2014-01-01,Gabon,8930.0,
GAB,2013-01-01,Gabon,8920.0,
GAB,2012-01-01,Gabon,8660.0,
GAB,2011-01-01,Gabon,7720.0,
GAB,2010-01-01,Gabon,7450.0,
FRA,2021-01-01,France,44160.0,
FRA,2020-01-01,France,39440.0,
FRA,2019-01-01,France,42460.0,
FRA,2018-01-01,France,41170.0,32.4
FRA,2017-01-01,France,38320.0,31.6
FRA,2016-01-01,France,39100.0,31.9
FRA,2015-01-01,France,41130.0,32.7
FRA,2014-01-01,France,43340.0,32.3
FRA,2013-01-01,France,43800.0,32.5
FRA,2012-01-01,France,43410.0,33.1
FRA,2011-01-01,France,44440.0,33.3
FRA,2010-01-01,France,43970.0,33.7
FIN,2021-01-01,Finland,53510.0,
FIN,2020-01-01,Finland,50100.0,
FIN,2019-01-01,Finland,49940.0,27.7
FIN,2018-01-01,Finland,48210.0,27.3
FIN,2017-01-01,Finland,44840.0,27.4
FIN,2016-01-01,Finland,45530.0,27.1
FIN,2015-01-01,Finland,47180.0,27.1
FIN,2014-01-01,Finland,49420.0,26.8
FIN,2013-01-01,Finland,49510.0,27.2
FIN,2012-01-01,Finland,48970.0,27.1
FIN,2011-01-01,Finland,50260.0,27.6
FIN,2010-01-01,Finland,49750.0,27.7
FJI,2021-01-01,Fiji,4500.0,
FJI,2020-01-01,Fiji,4680.0,
FJI,2019-01-01,Fiji,5610.0,30.7
FJI,2018-01-01,Fiji,5680.0,
FJI,2017-01-01,Fiji,5120.0,
FJI,2016-01-01,Fiji,5020.0,
FJI,2015-01-01,Fiji,4840.0,
FJI,2014-01-01,Fiji,4750.0,
FJI,2013-01-01,Fiji,4470.0,36.7
FJI,2012-01-01,Fiji,3930.0,
FJI,2011-01-01,Fiji,3590.0,
FJI,2010-01-01,Fiji,3470.0,
ETH,2021-01-01,Ethiopia,940.0,
ETH,2020-01-01,Ethiopia,880.0,
ETH,2019-01-01,Ethiopia,830.0,
ETH,2018-01-01,Ethiopia,780.0,
ETH,2017-01-01,Ethiopia,720.0,
ETH,2016-01-01,Ethiopia,650.0,
ETH,2015-01-01,Ethiopia,590.0,35.0
ETH,2014-01-01,Ethiopia,540.0,
ETH,2013-01-01,Ethiopia,460.0,
ETH,2012-01-01,Ethiopia,400.0,
ETH,2011-01-01,Ethiopia,380.0,
ETH,2010-01-01,Ethiopia,370.0,33.2
SWZ,2021-01-01,Eswatini,3650.0,
SWZ,2020-01-01,Eswatini,3360.0,
SWZ,2019-01-01,Eswatini,3630.0,
SWZ,2018-01-01,Eswatini,3550.0,
SWZ,2017-01-01,Eswatini,3310.0,
SWZ,2016-01-01,Eswatini,3370.0,54.6
SWZ,2015-01-01,Eswatini,3700.0,
SWZ,2014-01-01,Eswatini,4020.0,
SWZ,2013-01-01,Eswatini,4290.0,
SWZ,2012-01-01,Eswatini,4190.0,
SWZ,2011-01-01,Eswatini,3740.0,
SWZ,2010-01-01,Eswatini,3350.0,
EST,2021-01-01,Estonia,26460.0,
EST,2020-01-01,Estonia,23570.0,
EST,2019-01-01,Estonia,23010.0,30.8
EST,2018-01-01,Estonia,21180.0,30.3
EST,2017-01-01,Estonia,18760.0,30.4
EST,2016-01-01,Estonia,18290.0,31.2
EST,2015-01-01,Estonia,18570.0,32.7
EST,2014-01-01,Estonia,18880.0,34.6
EST,2013-01-01,Estonia,18140.0,35.1
EST,2012-01-01,Estonia,16760.0,32.9
EST,2011-01-01,Estonia,15840.0,32.5
EST,2010-01-01,Estonia,14580.0,32.0
ERI,2011-01-01,Eritrea,610.0,
ERI,2010-01-01,Eritrea,520.0,
GNQ,2021-01-01,Equatorial Guinea,5150.0,
GNQ,2020-01-01,Equatorial Guinea,5100.0,
GNQ,2019-01-01,Equatorial Guinea,5520.0,
GNQ,2018-01-01,Equatorial Guinea,5860.0,
GNQ,2017-01-01,Equatorial Guinea,5660.0,
GNQ,2016-01-01,Equatorial Guinea,7180.0,
GNQ,2015-01-01,Equatorial Guinea,9410.0,
GNQ,2014-01-01,Equatorial Guinea,11460.0,
GNQ,2013-01-01,Equatorial Guinea,12140.0,
GNQ,2012-01-01,Equatorial Guinea,11980.0,
GNQ,2011-01-01,Equatorial Guinea,9950.0,
GNQ,2010-01-01,Equatorial Guinea,8600.0,
SLV,2021-01-01,El Salvador,4260.0,
SLV,2020-01-01,El Salvador,3740.0,
SLV,2019-01-01,El Salvador,4090.0,38.8
SLV,2018-01-01,El Salvador,3900.0,38.6
SLV,2017-01-01,El Salvador,3670.0,38.0
SLV,2016-01-01,El Salvador,3570.0,40.0
SLV,2015-01-01,El Salvador,3490.0,40.6
SLV,2014-01-01,El Salvador,3450.0,41.6
SLV,2013-01-01,El Salvador,3390.0,43.4
SLV,2012-01-01,El Salvador,3250.0,41.8
SLV,2011-01-01,El Salvador,3100.0,42.3
SLV,2010-01-01,El Salvador,2910.0,43.5
EGY,2021-01-01,"Egypt, Arab Rep.",3350.0,
EGY,2020-01-01,"Egypt, Arab Rep.",2860.0,
EGY,2019-01-01,"Egypt, Arab Rep.",2550.0,
EGY,2018-01-01,"Egypt, Arab Rep.",2650.0,
EGY,2017-01-01,"Egypt, Arab Rep.",2870.0,31.5
EGY,2016-01-01,"Egypt, Arab Rep.",3260.0,
EGY,2015-01-01,"Egypt, Arab Rep.",3160.0,31.8
EGY,2014-01-01,"Egypt, Arab Rep.",3060.0,
EGY,2013-01-01,"Egypt, Arab Rep.",2870.0,
EGY,2012-01-01,"Egypt, Arab Rep.",2690.0,28.3
EGY,2011-01-01,"Egypt, Arab Rep.",2430.0,
EGY,2010-01-01,"Egypt, Arab Rep.",2250.0,30.2
ECU,2021-01-01,Ecuador,5960.0,
ECU,2020-01-01,Ecuador,5560.0,47.3
ECU,2019-01-01,Ecuador,6100.0,45.7
ECU,2018-01-01,Ecuador,6110.0,45.4
ECU,2017-01-01,Ecuador,5890.0,44.7
ECU,2016-01-01,Ecuador,5820.0,45.0
ECU,2015-01-01,Ecuador,5980.0,46.0
ECU,2014-01-01,Ecuador,6100.0,45.0
ECU,2013-01-01,Ecuador,5800.0,46.9
ECU,2012-01-01,Ecuador,5380.0,46.1
ECU,2011-01-01,Ecuador,4880.0,45.9
ECU,2010-01-01,Ecuador,4400.0,48.8
DOM,2021-01-01,Dominican Republic,8100.0,
DOM,2020-01-01,Dominican Republic,7170.0,39.6
DOM,2019-01-01,Dominican Republic,7990.0,41.9
DOM,2018-01-01,Dominican Republic,7680.0,43.7
DOM,2017-01-01,Dominican Republic,7000.0,42.2
DOM,2016-01-01,Dominican Republic,6780.0,45.7
DOM,2015-01-01,Dominican Republic,6500.0,45.2
DOM,2014-01-01,Dominican Republic,6260.0,44.3
DOM,2013-01-01,Dominican Republic,5970.0,47.7
DOM,2012-01-01,Dominican Republic,5730.0,46.1
DOM,2011-01-01,Dominican Republic,5490.0,47.7
DOM,2010-01-01,Dominican Republic,5280.0,47.3
DMA,2021-01-01,Dominica,7790.0,
DMA,2020-01-01,Dominica,7140.0,
DMA,2019-01-01,Dominica,8250.0,
DMA,2018-01-01,Dominica,7890.0,
DMA,2017-01-01,Dominica,7380.0,
DMA,2016-01-01,Dominica,7400.0,
DMA,2015-01-01,Dominica,7030.0,
DMA,2014-01-01,Dominica,7210.0,
DMA,2013-01-01,Dominica,6910.0,
DMA,2012-01-01,Dominica,7060.0,
DMA,2011-01-01,Dominica,7140.0,
DMA,2010-01-01,Dominica,6930.0,
DJI,2021-01-01,Djibouti,3080.0,
DJI,2020-01-01,Djibouti,2830.0,
DJI,2019-01-01,Djibouti,2820.0,
DJI,2018-01-01,Djibouti,2640.0,
DJI,2017-01-01,Djibouti,2480.0,41.6
DJI,2016-01-01,Djibouti,2400.0,
DJI,2015-01-01,Djibouti,2310.0,
DNK,2021-01-01,Denmark,68300.0,
DNK,2020-01-01,Denmark,62710.0,
DNK,2019-01-01,Denmark,63140.0,27.7
DNK,2018-01-01,Denmark,61260.0,28.2
DNK,2017-01-01,Denmark,56690.0,28.7
DNK,2016-01-01,Denmark,58040.0,28.2
DNK,2015-01-01,Denmark,60510.0,28.2
DNK,2014-01-01,Denmark,63670.0,28.4
DNK,2013-01-01,Denmark,63200.0,28.5
DNK,2012-01-01,Denmark,61650.0,27.8
DNK,2011-01-01,Denmark,61990.0,27.3
DNK,2010-01-01,Denmark,61220.0,27.2
CZE,2021-01-01,Czechia,24430.0,
CZE,2020-01-01,Czechia,21800.0,
CZE,2019-01-01,Czechia,22120.0,25.3
CZE,2018-01-01,Czechia,20560.0,25.0
CZE,2017-01-01,Czechia,18310.0,24.9
CZE,2016-01-01,Czechia,17670.0,25.4
CZE,2015-01-01,Czechia,18370.0,25.9
CZE,2014-01-01,Czechia,18900.0,25.9
CZE,2013-01-01,Czechia,19410.0,26.5
CZE,2012-01-01,Czechia,19440.0,26.1
CZE,2011-01-01,Czechia,19460.0,26.4
CZE,2010-01-01,Czechia,19400.0,26.6
CYP,2021-01-01,Cyprus,28470.0,
CYP,2020-01-01,Cyprus,26600.0,
CYP,2019-01-01,Cyprus,28560.0,31.2
CYP,2018-01-01,Cyprus,27410.0,32.7
CYP,2017-01-01,Cyprus,25050.0,31.4
CYP,2016-01-01,Cyprus,24840.0,32.9
CYP,2015-01-01,Cyprus,26100.0,34.0
CYP,2014-01-01,Cyprus,26610.0,35.6
CYP,2013-01-01,Cyprus,27890.0,37.0
CYP,2012-01-01,Cyprus,29760.0,34.3
CYP,2011-01-01,Cyprus,32640.0,32.6
CYP,2010-01-01,Cyprus,32130.0,31.5
CUW,2021-01-01,Curacao,18430.0,
CUW,2020-01-01,Curacao,16690.0,
CUW,2019-01-01,Curacao,19700.0,
CUW,2018-01-01,Curacao,19430.0,
CUW,2017-01-01,Curacao,18960.0,
CUW,2016-01-01,Curacao,19030.0,
CUW,2015-01-01,Curacao,19520.0,
CUW,2014-01-01,Curacao,19760.0,
CUW,2013-01-01,Curacao,19890.0,
CUB,2019-01-01,Cuba,8920.0,
CUB,2018-01-01,Cuba,8630.0,
CUB,2017-01-01,Cuba,7950.0,
CUB,2016-01-01,Cuba,7480.0,
CUB,2015-01-01,Cuba,7220.0,
CUB,2014-01-01,Cuba,6820.0,
CUB,2013-01-01,Cuba,6620.0,
CUB,2012-01-01,Cuba,6080.0,
CUB,2011-01-01,Cuba,5590.0,
CUB,2010-01-01,Cuba,5170.0,
HRV,2021-01-01,Croatia,17630.0,
HRV,2020-01-01,Croatia,14820.0,
HRV,2019-01-01,Croatia,15580.0,28.9
HRV,2018-01-01,Croatia,14440.0,29.7
HRV,2017-01-01,Croatia,13030.0,30.4
HRV,2016-01-01,Croatia,12740.0,30.9
HRV,2015-01-01,Croatia,13310.0,31.1
HRV,2014-01-01,Croatia,13520.0,32.1
HRV,2013-01-01,Croatia,13790.0,32.0
HRV,2012-01-01,Croatia,13640.0,32.5
HRV,2011-01-01,Croatia,14240.0,32.3
HRV,2010-01-01,Croatia,14270.0,32.4
CIV,2021-01-01,Cote d'Ivoire,2420.0,
CIV,2020-01-01,Cote d'Ivoire,2240.0,
CIV,2019-01-01,Cote d'Ivoire,2260.0,
CIV,2018-01-01,Cote d'Ivoire,2140.0,37.2
CIV,2017-01-01,Cote d'Ivoire,2000.0,
CIV,2016-01-01,Cote d'Ivoire,2010.0,
CIV,2015-01-01,Cote d'Ivoire,2010.0,41.5
CIV,2014-01-01,Cote d'Ivoire,1990.0,
CIV,2013-01-01,Cote d'Ivoire,1320.0,
CIV,2012-01-01,Cote d'Ivoire,1220.0,
CIV,2011-01-01,Cote d'Ivoire,1080.0,
CIV,2010-01-01,Cote d'Ivoire,1190.0,
CRI,2021-01-01,Costa Rica,12310.0,
CRI,2020-01-01,Costa Rica,11520.0,49.3
CRI,2019-01-01,Costa Rica,12040.0,48.2
CRI,2018-01-01,Costa Rica,11880.0,48.0
CRI,2017-01-01,Costa Rica,11400.0,48.3
CRI,2016-01-01,Costa Rica,11000.0,48.7
CRI,2015-01-01,Costa Rica,10610.0,48.4
CRI,2014-01-01,Costa Rica,10250.0,48.6
CRI,2013-01-01,Costa Rica,9840.0,49.2
CRI,2012-01-01,Costa Rica,9190.0,48.4
CRI,2011-01-01,Costa Rica,8020.0,48.8
CRI,2010-01-01,Costa Rica,7190.0,48.0
COG,2021-01-01,"Congo, Rep.",1970.0,
COG,2020-01-01,"Congo, Rep.",1760.0,
COG,2019-01-01,"Congo, Rep.",1980.0,
COG,2018-01-01,"Congo, Rep.",1910.0,
COG,2017-01-01,"Congo, Rep.",1640.0,
COG,2016-01-01,"Congo, Rep.",2130.0,
COG,2015-01-01,"Congo, Rep.",2970.0,
COG,2014-01-01,"Congo, Rep.",3830.0,
COG,2013-01-01,"Congo, Rep.",3590.0,
COG,2012-01-01,"Congo, Rep.",3350.0,
COG,2011-01-01,"Congo, Rep.",2600.0,48.9
COG,2010-01-01,"Congo, Rep.",2650.0,
COD,2021-01-01,"Congo, Dem. Rep.",550.0,
COD,2020-01-01,"Congo, Dem. Rep.",540.0,
COD,2019-01-01,"Congo, Dem. Rep.",510.0,
COD,2018-01-01,"Congo, Dem. Rep.",480.0,
COD,2017-01-01,"Congo, Dem. Rep.",440.0,
COD,2016-01-01,"Congo, Dem. Rep.",450.0,
COD,2015-01-01,"Congo, Dem. Rep.",440.0,
COD,2014-01-01,"Congo, Dem. Rep.",430.0,
COD,2013-01-01,"Congo, Dem. Rep.",400.0,
COD,2012-01-01,"Congo, Dem. Rep.",370.0,42.1
COD,2011-01-01,"Congo, Dem. Rep.",330.0,
COD,2010-01-01,"Congo, Dem. Rep.",310.0,
COM,2021-01-01,Comoros,1580.0,
COM,2020-01-01,Comoros,1520.0,
COM,2019-01-01,Comoros,1520.0,
COM,2018-01-01,Comoros,1480.0,
COM,2017-01-01,Comoros,1370.0,
COM,2016-01-01,Comoros,1410.0,
COM,2015-01-01,Comoros,1470.0,
COM,2014-01-01,Comoros,1580.0,45.3
COM,2013-01-01,Comoros,1580.0,
COM,2012-01-01,Comoros,1500.0,
COM,2011-01-01,Comoros,1480.0,
COM,2010-01-01,Comoros,1450.0,
COL,2021-01-01,Colombia,6190.0,
COL,2020-01-01,Colombia,5820.0,54.2
COL,2019-01-01,Colombia,6590.0,51.3
COL,2018-01-01,Colombia,6320.0,50.4
COL,2017-01-01,Colombia,6010.0,49.7
COL,2016-01-01,Colombia,6530.0,50.6
COL,2015-01-01,Colombia,7400.0,51.0
COL,2014-01-01,Colombia,8260.0,52.6
COL,2013-01-01,Colombia,8000.0,52.6
COL,2012-01-01,Colombia,7340.0,52.6
COL,2011-01-01,Colombia,6370.0,53.5
COL,2010-01-01,Colombia,5680.0,54.6
CHN,2021-01-01,China,11880.0,
CHN,2020-01-01,China,10520.0,
CHN,2019-01-01,China,10310.0,38.2
CHN,2018-01-01,China,9540.0,38.5
CHN,2017-01-01,China,8670.0,39.1
CHN,2016-01-01,China,8210.0,38.5
CHN,2015-01-01,China,7890.0,38.6
CHN,2014-01-01,China,7470.0,39.2
CHN,2013-01-01,China,6740.0,39.7
CHN,2012-01-01,China,5910.0,42.2
CHN,2011-01-01,China,5040.0,42.4
CHN,2010-01-01,China,4340.0,43.7
CHL,2021-01-01,Chile,14780.0,
CHL,2020-01-01,Chile,12990.0,44.9
CHL,2019-01-01,Chile,14830.0,
CHL,2018-01-01,Chile,14600.0,
CHL,2017-01-01,Chile,13340.0,44.4
CHL,2016-01-01,Chile,13440.0,
CHL,2015-01-01,Chile,14210.0,44.4
CHL,2014-01-01,Chile,14830.0,
CHL,2013-01-01,Chile,15230.0,45.8
CHL,2012-01-01,Chile,14310.0,
CHL,2011-01-01,Chile,11970.0,46.0
CHL,2010-01-01,Chile,10820.0,
TCD,2021-01-01,Chad,640.0,
TCD,2020-01-01,Chad,630.0,
TCD,2019-01-01,Chad,690.0,
TCD,2018-01-01,Chad,670.0,37.5
TCD,2017-01-01,Chad,640.0,
TCD,2016-01-01,Chad,730.0,
TCD,2015-01-01,Chad,880.0,
TCD,2014-01-01,Chad,970.0,
TCD,2013-01-01,Chad,970.0,
TCD,2012-01-01,Chad,960.0,
TCD,2011-01-01,Chad,890.0,43.3
TCD,2010-01-01,Chad,910.0,
CAF,2021-01-01,Central African Republic,480.0,
CAF,2020-01-01,Central African Republic,460.0,
CAF,2019-01-01,Central African Republic,470.0,
CAF,2018-01-01,Central African Republic,450.0,
CAF,2017-01-01,Central African Republic,400.0,
CAF,2016-01-01,Central African Republic,380.0,
CAF,2015-01-01,Central African Republic,370.0,
CAF,2014-01-01,Central African Republic,360.0,
CAF,2013-01-01,Central African Republic,350.0,
CAF,2012-01-01,Central African Republic,530.0,
CAF,2011-01-01,Central African Republic,500.0,
CAF,2010-01-01,Central African Republic,480.0,
CYM,2020-01-01,Cayman Islands,61880.0,
CYM,2019-01-01,Cayman Islands,65680.0,
CYM,2018-01-01,Cayman Islands,58820.0,
CYM,2017-01-01,Cayman Islands,52670.0,
CYM,2016-01-01,Cayman Islands,48480.0,
CYM,2015-01-01,Cayman Islands,44970.0,
CYM,2014-01-01,Cayman Islands,43860.0,
CYM,2013-01-01,Cayman Islands,45330.0,
CYM,2012-01-01,Cayman Islands,51400.0,
CYM,2011-01-01,Cayman Islands,74100.0,
CYM,2010-01-01,Cayman Islands,73590.0,
CAN,2021-01-01,Canada,48310.0,
CAN,2020-01-01,Canada,43540.0,
CAN,2019-01-01,Canada,46540.0,
CAN,2018-01-01,Canada,45080.0,
CAN,2017-01-01,Canada,42900.0,33.3
CAN,2016-01-01,Canada,43890.0,32.7
CAN,2015-01-01,Canada,47590.0,33.7
CAN,2014-01-01,Canada,52200.0,33.2
CAN,2013-01-01,Canada,52800.0,33.8
CAN,2012-01-01,Canada,51080.0,33.5
CAN,2011-01-01,Canada,47190.0,
CAN,2010-01-01,Canada,44490.0,33.6
CMR,2021-01-01,Cameroon,1590.0,
CMR,2020-01-01,Cameroon,1520.0,
CMR,2019-01-01,Cameroon,1540.0,
CMR,2018-01-01,Cameroon,1500.0,
CMR,2017-01-01,Cameroon,1400.0,
CMR,2016-01-01,Cameroon,1450.0,
CMR,2015-01-01,Cameroon,1520.0,
CMR,2014-01-01,Cameroon,1570.0,46.6
CMR,2013-01-01,Cameroon,1510.0,
CMR,2012-01-01,Cameroon,1450.0,
CMR,2011-01-01,Cameroon,1450.0,
CMR,2010-01-01,Cameroon,1440.0,
KHM,2021-01-01,Cambodia,1580.0,
KHM,2020-01-01,Cambodia,1530.0,
KHM,2019-01-01,Cambodia,1560.0,
KHM,2018-01-01,Cambodia,1420.0,
KHM,2017-01-01,Cambodia,1260.0,
KHM,2016-01-01,Cambodia,1160.0,
KHM,2015-01-01,Cambodia,1070.0,
KHM,2014-01-01,Cambodia,1020.0,
KHM,2013-01-01,Cambodia,960.0,
KHM,2012-01-01,Cambodia,880.0,
KHM,2011-01-01,Cambodia,810.0,
KHM,2010-01-01,Cambodia,750.0,
CPV,2021-01-01,Cabo Verde,3190.0,
CPV,2020-01-01,Cabo Verde,2920.0,
CPV,2019-01-01,Cabo Verde,3460.0,
CPV,2018-01-01,Cabo Verde,3240.0,
CPV,2017-01-01,Cabo Verde,2930.0,
CPV,2016-01-01,Cabo Verde,2980.0,
CPV,2015-01-01,Cabo Verde,3050.0,42.4
CPV,2014-01-01,Cabo Verde,3190.0,
CPV,2013-01-01,Cabo Verde,3310.0,
CPV,2012-01-01,Cabo Verde,3250.0,
CPV,2011-01-01,Cabo Verde,3310.0,
CPV,2010-01-01,Cabo Verde,3200.0,
BDI,2021-01-01,Burundi,220.0,
BDI,2020-01-01,Burundi,220.0,
BDI,2019-01-01,Burundi,230.0,
BDI,2018-01-01,Burundi,240.0,
BDI,2017-01-01,Burundi,250.0,
BDI,2016-01-01,Burundi,250.0,
BDI,2015-01-01,Burundi,250.0,
BDI,2014-01-01,Burundi,250.0,
BDI,2013-01-01,Burundi,240.0,38.6
BDI,2012-01-01,Burundi,240.0,
BDI,2011-01-01,Burundi,220.0,
BDI,2010-01-01,Burundi,210.0,
BFA,2021-01-01,Burkina Faso,830.0,
BFA,2020-01-01,Burkina Faso,750.0,
BFA,2019-01-01,Burkina Faso,750.0,
BFA,2018-01-01,Burkina Faso,730.0,47.3
BFA,2017-01-01,Burkina Faso,650.0,
BFA,2016-01-01,Burkina Faso,660.0,
BFA,2015-01-01,Burkina Faso,680.0,
BFA,2014-01-01,Burkina Faso,740.0,35.3
BFA,2013-01-01,Burkina Faso,750.0,
BFA,2012-01-01,Burkina Faso,710.0,
BFA,2011-01-01,Burkina Faso,660.0,
BFA,2010-01-01,Burkina Faso,630.0,
BGR,2021-01-01,Bulgaria,11200.0,
BGR,2020-01-01,Bulgaria,9520.0,
BGR,2019-01-01,Bulgaria,9500.0,40.3
BGR,2018-01-01,Bulgaria,8530.0,41.3
BGR,2017-01-01,Bulgaria,7610.0,40.4
BGR,2016-01-01,Bulgaria,7400.0,40.6
BGR,2015-01-01,Bulgaria,7430.0,38.6
BGR,2014-01-01,Bulgaria,7700.0,37.4
BGR,2013-01-01,Bulgaria,7590.0,36.6
BGR,2012-01-01,Bulgaria,7490.0,36.0
BGR,2011-01-01,Bulgaria,7260.0,34.3
BGR,2010-01-01,Bulgaria,7010.0,35.7
BRN,2021-01-01,Brunei Darussalam,30320.0,
BRN,2020-01-01,Brunei Darussalam,31210.0,
BRN,2019-01-01,Brunei Darussalam,31880.0,
BRN,2018-01-01,Brunei Darussalam,29030.0,
BRN,2017-01-01,Brunei Darussalam,29400.0,
BRN,2016-01-01,Brunei Darussalam,32690.0,
BRN,2015-01-01,Brunei Darussalam,38250.0,
BRN,2014-01-01,Brunei Darussalam,42380.0,
BRN,2013-01-01,Brunei Darussalam,44520.0,
BRN,2012-01-01,Brunei Darussalam,41580.0,
BRN,2011-01-01,Brunei Darussalam,34830.0,
BRN,2010-01-01,Brunei Darussalam,32680.0,
BRA,2021-01-01,Brazil,7740.0,
BRA,2020-01-01,Brazil,7820.0,48.9
BRA,2019-01-01,Brazil,9220.0,53.5
BRA,2018-01-01,Brazil,9140.0,53.9
BRA,2017-01-01,Brazil,8670.0,53.3
BRA,2016-01-01,Brazil,8890.0,53.3
BRA,2015-01-01,Brazil,10160.0,51.9
BRA,2014-01-01,Brazil,12080.0,52.0
BRA,2013-01-01,Brazil,12750.0,52.7
BRA,2012-01-01,Brazil,12270.0,53.4
BRA,2011-01-01,Brazil,11050.0,52.9
BRA,2010-01-01,Brazil,9610.0,
BWA,2021-01-01,Botswana,6430.0,
BWA,2020-01-01,Botswana,6010.0,
BWA,2019-01-01,Botswana,6620.0,
BWA,2018-01-01,Botswana,6220.0,
BWA,2017-01-01,Botswana,5850.0,
BWA,2016-01-01,Botswana,5760.0,
BWA,2015-01-01,Botswana,5890.0,53.3
BWA,2014-01-01,Botswana,6800.0,
BWA,2013-01-01,Botswana,7020.0,
BWA,2012-01-01,Botswana,6700.0,
BWA,2011-01-01,Botswana,6320.0,
BWA,2010-01-01,Botswana,5220.0,
BIH,2021-01-01,Bosnia and Herzegovina,6810.0,
BIH,2020-01-01,Bosnia and Herzegovina,6030.0,
BIH,2019-01-01,Bosnia and Herzegovina,6070.0,
BIH,2018-01-01,Bosnia and Herzegovina,5620.0,
BIH,2017-01-01,Bosnia and Herzegovina,4990.0,
BIH,2016-01-01,Bosnia and Herzegovina,4990.0,
BIH,2015-01-01,Bosnia and Herzegovina,5070.0,
BIH,2014-01-01,Bosnia and Herzegovina,5170.0,
BIH,2013-01-01,Bosnia and Herzegovina,5160.0,
BIH,2012-01-01,Bosnia and Herzegovina,4900.0,
BIH,2011-01-01,Bosnia and Herzegovina,4900.0,33.0
BIH,2010-01-01,Bosnia and Herzegovina,4820.0,
BOL,2021-01-01,Bolivia,3290.0,
BOL,2020-01-01,Bolivia,3120.0,43.6
BOL,2019-01-01,Bolivia,3440.0,41.6
BOL,2018-01-01,Bolivia,3290.0,42.6
BOL,2017-01-01,Bolivia,3020.0,44.6
BOL,2016-01-01,Bolivia,2970.0,45.3
BOL,2015-01-01,Bolivia,2900.0,46.7
BOL,2014-01-01,Bolivia,2780.0,47.8
BOL,2013-01-01,Bolivia,2540.0,47.6
BOL,2012-01-01,Bolivia,2210.0,46.6
BOL,2011-01-01,Bolivia,1970.0,46.1
BOL,2010-01-01,Bolivia,1750.0,
BTN,2021-01-01,Bhutan,3040.0,
BTN,2020-01-01,Bhutan,2840.0,
BTN,2019-01-01,Bhutan,3130.0,
BTN,2018-01-01,Bhutan,2940.0,
BTN,2017-01-01,Bhutan,2760.0,37.4
BTN,2016-01-01,Bhutan,2600.0,
BTN,2015-01-01,Bhutan,2470.0,
BTN,2014-01-01,Bhutan,2400.0,
BTN,2013-01-01,Bhutan,2350.0,
BTN,2012-01-01,Bhutan,2330.0,38.8
BTN,2011-01-01,Bhutan,2180.0,
BTN,2010-01-01,Bhutan,1980.0,
BMU,2021-01-01,Bermuda,122470.0,
BMU,2020-01-01,Bermuda,111800.0,
BMU,2019-01-01,Bermuda,117280.0,
BMU,2018-01-01,Bermuda,117000.0,
BMU,2017-01-01,Bermuda,112940.0,
BMU,2016-01-01,Bermuda,103620.0,
BMU,2015-01-01,Bermuda,101120.0,
BMU,2014-01-01,Bermuda,99920.0,
BMU,2013-01-01,Bermuda,101760.0,
BMU,2012-01-01,Bermuda,100100.0,
BMU,2011-01-01,Bermuda,101610.0,
BMU,2010-01-01,Bermuda,103480.0,
BEN,2021-01-01,Benin,1350.0,
BEN,2020-01-01,Benin,1230.0,
BEN,2019-01-01,Benin,1200.0,
BEN,2018-01-01,Benin,1150.0,37.8
BEN,2017-01-01,Benin,1050.0,
BEN,2016-01-01,Benin,1070.0,
BEN,2015-01-01,Benin,1140.0,47.8
BEN,2014-01-01,Benin,1230.0,
BEN,2013-01-01,Benin,1180.0,
BEN,2012-01-01,Benin,1090.0,
BEN,2011-01-01,Benin,1060.0,43.4
BEN,2010-01-01,Benin,1050.0,
BLZ,2021-01-01,Belize,6070.0,
BLZ,2020-01-01,Belize,5210.0,
BLZ,2019-01-01,Belize,5890.0,
BLZ,2018-01-01,Belize,5660.0,
BLZ,2017-01-01,Belize,5520.0,
BLZ,2016-01-01,Belize,5650.0,
BLZ,2015-01-01,Belize,5770.0,
BLZ,2014-01-01,Belize,5610.0,
BLZ,2013-01-01,Belize,5510.0,
BLZ,2012-01-01,Belize,5250.0,
BLZ,2011-01-01,Belize,5090.0,
BLZ,2010-01-01,Belize,5000.0,
BEL,2021-01-01,Belgium,50490.0,
BEL,2020-01-01,Belgium,46030.0,
BEL,2019-01-01,Belgium,48100.0,27.2
BEL,2018-01-01,Belgium,46060.0,27.2
BEL,2017-01-01,Belgium,42520.0,27.4
BEL,2016-01-01,Belgium,43400.0,27.6
BEL,2015-01-01,Belgium,45570.0,27.7
BEL,2014-01-01,Belgium,47820.0,28.1
BEL,2013-01-01,Belgium,47900.0,27.7
BEL,2012-01-01,Belgium,47130.0,27.5
BEL,2011-01-01,Belgium,46490.0,28.1
BEL,2010-01-01,Belgium,47080.0,28.4
BLR,2021-01-01,Belarus,6940.0,
BLR,2020-01-01,Belarus,6400.0,24.4
BLR,2019-01-01,Belarus,6370.0,25.3
BLR,2018-01-01,Belarus,5730.0,25.2
BLR,2017-01-01,Belarus,5320.0,25.4
BLR,2016-01-01,Belarus,5640.0,25.3
BLR,2015-01-01,Belarus,6750.0,25.6
BLR,2014-01-01,Belarus,7620.0,27.2
BLR,2013-01-01,Belarus,7030.0,26.6
BLR,2012-01-01,Belarus,6630.0,26.5
BLR,2011-01-01,Belarus,6340.0,27.2
BLR,2010-01-01,Belarus,6150.0,28.6
BRB,2021-01-01,Barbados,16900.0,
BRB,2020-01-01,Barbados,16230.0,
BRB,2019-01-01,Barbados,17630.0,
BRB,2018-01-01,Barbados,17020.0,
BRB,2017-01-01,Barbados,16490.0,
BRB,2016-01-01,Barbados,16350.0,
BRB,2015-01-01,Barbados,16170.0,
BRB,2014-01-01,Barbados,16050.0,
BRB,2013-01-01,Barbados,16080.0,
BRB,2012-01-01,Barbados,16150.0,
BRB,2011-01-01,Barbados,15450.0,
BRB,2010-01-01,Barbados,15960.0,
BGD,2021-01-01,Bangladesh,2570.0,
BGD,2020-01-01,Bangladesh,2300.0,
BGD,2019-01-01,Bangladesh,2210.0,
BGD,2018-01-01,Bangladesh,2020.0,
BGD,2017-01-01,Bangladesh,1650.0,
BGD,2016-01-01,Bangladesh,1410.0,32.4
BGD,2015-01-01,Bangladesh,1210.0,
BGD,2014-01-01,Bangladesh,1100.0,
BGD,2013-01-01,Bangladesh,1030.0,
BGD,2012-01-01,Bangladesh,970.0,
BGD,2011-01-01,Bangladesh,890.0,
BGD,2010-01-01,Bangladesh,800.0,32.1
BHR,2020-01-01,Bahrain,22950.0,
BHR,2019-01-01,Bahrain,24420.0,
BHR,2018-01-01,Bahrain,23210.0,
BHR,2017-01-01,Bahrain,21790.0,
BHR,2016-01-01,Bahrain,21820.0,
BHR,2015-01-01,Bahrain,22740.0,
BHR,2014-01-01,Bahrain,24530.0,
BHR,2013-01-01,Bahrain,24790.0,
BHR,2012-01-01,Bahrain,23360.0,
BHR,2011-01-01,Bahrain,19150.0,
BHR,2010-01-01,Bahrain,19390.0,
BHS,2021-01-01,"Bahamas, The",26490.0,
BHS,2020-01-01,"Bahamas, The",23500.0,
BHS,2019-01-01,"Bahamas, The",31210.0,
BHS,2018-01-01,"Bahamas, The",29810.0,
BHS,2017-01-01,"Bahamas, The",29260.0,
BHS,2016-01-01,"Bahamas, The",27610.0,
BHS,2015-01-01,"Bahamas, The",27450.0,
BHS,2014-01-01,"Bahamas, The",26840.0,
BHS,2013-01-01,"Bahamas, The",26280.0,
BHS,2012-01-01,"Bahamas, The",27200.0,
BHS,2011-01-01,"Bahamas, The",26540.0,
BHS,2010-01-01,"Bahamas, The",26900.0,
AZE,2021-01-01,Azerbaijan,4900.0,
AZE,2020-01-01,Azerbaijan,4480.0,
AZE,2019-01-01,Azerbaijan,4510.0,
AZE,2018-01-01,Azerbaijan,4080.0,
AZE,2017-01-01,Azerbaijan,4110.0,
AZE,2016-01-01,Azerbaijan,4790.0,
AZE,2015-01-01,Azerbaijan,6610.0,
AZE,2014-01-01,Azerbaijan,7740.0,
AZE,2013-01-01,Azerbaijan,7450.0,
AZE,2012-01-01,Azerbaijan,6480.0,
AZE,2011-01-01,Azerbaijan,5570.0,
AZE,2010-01-01,Azerbaijan,5410.0,
AUT,2021-01-01,Austria,52760.0,
AUT,2020-01-01,Austria,48990.0,
AUT,2019-01-01,Austria,51020.0,30.2
AUT,2018-01-01,Austria,48980.0,30.8
AUT,2017-01-01,Austria,45040.0,29.7
AUT,2016-01-01,Austria,46240.0,30.8
AUT,2015-01-01,Austria,47480.0,30.5
AUT,2014-01-01,Austria,50390.0,30.5
AUT,2013-01-01,Austria,50720.0,30.8
AUT,2012-01-01,Austria,50100.0,30.5
AUT,2011-01-01,Austria,50700.0,30.8
AUT,2010-01-01,Austria,49750.0,30.3
AUS,2021-01-01,Australia,57170.0,
AUS,2020-01-01,Australia,53620.0,
AUS,2019-01-01,Australia,54900.0,
AUS,2018-01-01,Australia,53100.0,34.3
AUS,2017-01-01,Australia,51490.0,
AUS,2016-01-01,Australia,54080.0,33.7
AUS,2015-01-01,Australia,60490.0,
AUS,2014-01-01,Australia,65180.0,34.4
AUS,2013-01-01,Australia,66050.0,
AUS,2012-01-01,Australia,60270.0,
AUS,2011-01-01,Australia,50400.0,
AUS,2010-01-01,Australia,46740.0,34.7
ABW,2021-01-01,Aruba,29390.0,
ABW,2020-01-01,Aruba,24590.0,
ABW,2019-01-01,Aruba,30000.0,
ABW,2018-01-01,Aruba,29030.0,
ABW,2017-01-01,Aruba,27720.0,
ABW,2016-01-01,Aruba,26650.0,
ABW,2015-01-01,Aruba,26180.0,
ABW,2014-01-01,Aruba,25790.0,
ABW,2013-01-01,Aruba,25500.0,
ABW,2012-01-01,Aruba,24440.0,
ABW,2011-01-01,Aruba,23400.0,
ABW,2010-01-01,Aruba,23390.0,
ARM,2021-01-01,Armenia,4850.0,
ARM,2020-01-01,Armenia,4470.0,25.2
ARM,2019-01-01,Armenia,4880.0,29.9
ARM,2018-01-01,Armenia,4410.0,34.4
ARM,2017-01-01,Armenia,4070.0,33.6
ARM,2016-01-01,Armenia,3850.0,32.5
ARM,2015-01-01,Armenia,4080.0,32.4
ARM,2014-01-01,Armenia,4170.0,31.5
ARM,2013-01-01,Armenia,4110.0,30.6
ARM,2012-01-01,Armenia,3840.0,29.6
ARM,2011-01-01,Armenia,3470.0,29.4
ARM,2010-01-01,Armenia,3390.0,30.0
ARG,2021-01-01,Argentina,9960.0,
ARG,2020-01-01,Argentina,9010.0,42.3
ARG,2019-01-01,Argentina,11220.0,42.9
ARG,2018-01-01,Argentina,12430.0,41.3
ARG,2017-01-01,Argentina,13140.0,41.1
ARG,2016-01-01,Argentina,12220.0,42.0
ARG,2015-01-01,Argentina,12600.0,
ARG,2014-01-01,Argentina,12350.0,41.6
ARG,2013-01-01,Argentina,12870.0,40.9
ARG,2012-01-01,Argentina,11890.0,41.3
ARG,2011-01-01,Argentina,10710.0,42.6
ARG,2010-01-01,Argentina,9270.0,43.6
ATG,2021-01-01,Antigua and Barbuda,15780.0,
ATG,2020-01-01,Antigua and Barbuda,14530.0,
ATG,2019-01-01,Antigua and Barbuda,17310.0,
ATG,2018-01-01,Antigua and Barbuda,16680.0,
ATG,2017-01-01,Antigua and Barbuda,15000.0,
ATG,2016-01-01,Antigua and Barbuda,14170.0,
ATG,2015-01-01,Antigua and Barbuda,13370.0,
ATG,2014-01-01,Antigua and Barbuda,13230.0,
ATG,2013-01-01,Antigua and Barbuda,13040.0,
ATG,2012-01-01,Antigua and Barbuda,13180.0,
ATG,2011-01-01,Antigua and Barbuda,12730.0,
ATG,2010-01-01,Antigua and Barbuda,13030.0,
AGO,2021-01-01,Angola,1710.0,
AGO,2020-01-01,Angola,1740.0,
AGO,2019-01-01,Angola,2040.0,
AGO,2018-01-01,Angola,1870.0,51.3
AGO,2017-01-01,Angola,1980.0,
AGO,2016-01-01,Angola,2450.0,
AGO,2015-01-01,Angola,3880.0,
AGO,2014-01-01,Angola,4800.0,
AGO,2013-01-01,Angola,4650.0,
AGO,2012-01-01,Angola,4060.0,
AGO,2011-01-01,Angola,3360.0,
AGO,2010-01-01,Angola,3220.0,
AND,2019-01-01,Andorra,46530.0,
DZA,2021-01-01,Algeria,3660.0,
DZA,2020-01-01,Algeria,3600.0,
DZA,2019-01-01,Algeria,4050.0,
DZA,2018-01-01,Algeria,4010.0,
DZA,2017-01-01,Algeria,3970.0,
DZA,2016-01-01,Algeria,4400.0,
DZA,2015-01-01,Algeria,4880.0,
DZA,2014-01-01,Algeria,5510.0,
DZA,2013-01-01,Algeria,5540.0,
DZA,2012-01-01,Algeria,5220.0,
DZA,2011-01-01,Algeria,4610.0,27.6
DZA,2010-01-01,Algeria,4490.0,
ALB,2021-01-01,Albania,6110.0,
ALB,2020-01-01,Albania,5260.0,
ALB,2019-01-01,Albania,5230.0,30.8
ALB,2018-01-01,Albania,4860.0,30.1
ALB,2017-01-01,Albania,4290.0,33.1
ALB,2016-01-01,Albania,4320.0,33.7
ALB,2015-01-01,Albania,4390.0,32.8
ALB,2014-01-01,Albania,4540.0,34.6
ALB,2013-01-01,Albania,4540.0,
ALB,2012-01-01,Albania,4360.0,29.0
ALB,2011-01-01,Albania,4410.0,
ALB,2010-01-01,Albania,4360.0,
AFG,2021-01-01,Afghanistan,390.0,
AFG,2020-01-01,Afghanistan,500.0,
AFG,2019-01-01,Afghanistan,530.0,
AFG,2018-01-01,Afghanistan,520.0,
AFG,2017-01-01,Afghanistan,540.0,
AFG,2016-01-01,Afghanistan,570.0,
AFG,2015-01-01,Afghanistan,610.0,
AFG,2014-01-01,Afghanistan,650.0,
AFG,2013-01-01,Afghanistan,680.0,
AFG,2012-01-01,Afghanistan,650.0,
AFG,2011-01-01,Afghanistan,550.0,
AFG,2010-01-01,Afghanistan,520.0,
SSD,2016-01-01,South Sudan,,44.1
DJI,2013-01-01,Djibouti,,44.1
DJI,2012-01-01,Djibouti,,45.1
